,date,newspaper,page_number,page_url,full_segment,type
0,1933-04-25,WM,3,https://jawi.sgp1.digitaloceanspaces.com/page_scans/WM-1933-04-25-0003.jpg,"قزوين مکلايا
هاري ثلاث ٢٩ ذوالخjecه ١٣٠٩
فڽات سر سمبول ويلسن
بهوا برکنأن دڠن ڤڽات سرسميول
威尔سن يڠاد دانسورکن ترجمهڽ ددالم
اخبار اين مک ڤرتماڽ کيت هندقله
مڠوچڤکن سلامت کڤد راج٢ ملايو
يڠبرکنأن دان کڤد سرسيسيل
کيلمينتي ڤسورهجاي بسر باݢي
نݢري ٢ ملايواوله کران ڤڤاة سرسميول
ايت ادله مپوکڠ دان ميرتاکن جداڠن
يڠدظهرکن اوله توان يڠتراوتام دسري
مننتي ڤد بولن اوݢسة تاهن 1931
ادڤون شور٢ سرميول ايت ايله
يأيت اي اد برفیکران يأيت سوات
مصلحة يڠتڤ باݢي ممبرقکن
اکواس٢ ايت ڤاتوتله دجالنکن سکارڠ
جوݢ تتافي ڤراوبهن٢ يڠدکندوڠي
اوله منجالنکن مصلحة ايت هندقله
دجالنکن دڠن ڤرلاهن٢ ڤنديق کات
مصالحة يڠدجادڠکن اوله سرسيسيل
کليمتي اية اکن دجالنکن دري
ماس اين دان اکن مڠمبيل ماس لبه
کورڠ امڤت تاهن لماڽ اڤبيل لڤس
ايت اکن دلنجوتکن لاݢي سهڠݢ
فد اخرڽ اکن ترهافوس اڤ جوا
باقي٢ باݢي ڤرنتاهن يڠتره sveون
دکوالا لفور ايت دڠن شرطڽ اکن
دادکن سوات جواتن بهارو يڠ اکن
منجاݢ دان منجالنکن ڤرکارا٢ يڠ
برفانده کڤد تانه ملايو عامڽ دڠن
دهمڤونکن کدالم جواتن بهارو ايت
اکن افجوايڠتر تيڠݢل باݢي اڠݢوت
يڠبرسکتو يڠاد سکارڠ
شهدان ددالم کارڠن اين تيدقله
داڤت کيت هندق منورنکن ڤndaڤتن
دان فيکران کت دڠن لنجوتن اتس",theatre/opera
1,1933-05-03,WM,3,https://jawi.sgp1.digitaloceanspaces.com/page_scans/WM-1933-05-03-0003.jpg,"ڤرخبران دري تايڤيڠ
تايڤيڠ مي 1
تايڠ ڤوتبول ليݢ
ڤرلاونن فوتبول دانتارا لاروت
سڤورتيڠ لد دڠن چأينبس سڤورتيڠ
تله دماينکن دڤادڠ فيرق کاب ڤد
فتڠ اثنين 24 اڤريل کسداهنڽ چاينيس
سڤورتيڠ براوله کمناڠن 5 2
ڤد ڤتڠ اربع 26 افريل ڤاتوقکن
ملي يونيأن تله برماين دڠن ڤاسوقکن
ادم کلب سلاما دڤادڠ ڤيرق کلب
دان کسداهنڽ ملي يونيان براوله
کمناڠن ݢول دڠن تيدق بربالس
ڤرماينن دسبلة ڤيهق ادم کاب نمڤقڽ
چوکڤ باݢوس تتاڤي سهاج نصيب
هندق مندَاڤت ککالهن
يڠترامت مليا تڠکو مهکوت
دلي دان بونداڽ تڠکو سوري راج
حليجه بنت سلطان عبد الله دان
استريڽ تڠکو ڤوان اندرا راج امنه
بت راج سر چولن راج دهيلير
دانلاينڽ تله براڠکت کڤولو ڤينڠ
دان درسيتو لڠسوڠ يلاير کميدان
کڤد 28 اڤريل
يڠامت مليا راج بنداهارا دان
استريڽ راج جيک توان کچيک تله
براڠکت کتاڽڠ ڤد مالم احد 29
اڤريل
يڠد ملياکن راج کچک بوڠسو
استريڽ دان ادndaڽ يڠمليا راج
شهرالدين تله براڠکت کتا يڠ کران
مليهت وايڠ ݢمبريڠ مننجوقکن ݢبر
چرينا يڠبرنام بيرود
ڤرکهوينن أ بدارالدين دڠن
سوداراڤرمڤوان کڤد اورڠکاي منتري
اکن دلڠسوڠکن کڤد 7 مي يڠاکن
داتڠ بابق سورت٢ جمڤوتن تله
دهتر برکنأن دڠن خندوري يڠ",film
2,1933-05-04,WM,2,https://jawi.sgp1.digitaloceanspaces.com/page_scans/WM-1933-05-04-0002.jpg,"ايله تربيلڠ درڤد مريک يڠ ڤاتوت دبري
ي
نڠکت مريک يڠتراوتام دالم ڤواق
２
مهاجرن دان انصار يڠ ادله مريک تياد
<
اندهکن سسوات فون دالم جالن اف
دڠن منڠݢوڠ عذاب سڠسارا درڤد
２
سترو٢ اسلام اکنتتاڤي مريک داتس
اݢام اسلام ايت تتڤ دڠن تݢڤڽ
کران اسلام ايت اݢام عالم
ساڽ کرامين يڠددالڽ توان
محمد حامد ممبوبه تندا تاڠنڽ ددالم
دڤتر ماسوق اسلامڽ دهداڤن قاضي
دان ججاعه اورڠ بسر٢ دان کنأن
ايت تله دامبيل ݢمبر اوله توکڠ ݢبر
وايڠ ݢمبر سڤاي دتنجوقکن داتس
تيري کران اورڠ رامي
مک کيت ممبري سلامت جاي
کڤد سودارا اين دان ممبري سلامت
جاي اورڠ٢ اسلام مندافة سودارا اين
اللهم ثبتنا على دينک واجلنامن
انصاره حتى نالقک آمنن  الفتح",film
3,1933-07-05,WM,3,https://jawi.sgp1.digitaloceanspaces.com/page_scans/WM-1933-07-05-0003.jpg,"دقتور خالد شادريک
d

مسبوڠن درڤد موک 7
کبڠسأن دان تيدق اد سوات يڠ

مڠهمڤون دان منچرايکن دانتارا مأنسي
d
ايت سڤرت بهاس٢ کان سڠکا
泣
توان کڤد سئورڠ عرب سلم ممڤر دالتي
.
سئورڠ بهودي تاهوکن بهاسڽ

دسبواه کڤل اتوکريتا اڤي اتو نݢري

ادکه تواز فيکراي اکن منيڠݢلکن

برچاکڤ٢ دڠندي دان ڤرجکافن
了
ايتوله ڤنتو ڤرهمڤونن دان برکنالن٢
9
ايله ادکه اي هندق منيڠݢلکن درڤد

برکات٢ دڠن اورڠ يهودي ايت کران
朵
هندق ڤرݢي مندالتکن سئورڠ انديا
مسامڠ تيڤ٢ سئرڠ تيدق تاهوکن
بهاس سئورڠ لاݢي ايت دان سباليکڽ
تيدق سکالي٢ اين تياد اکن جادي
اتو اڤ فيکران توان سئورڠ ملايو
برجمڤا سئورڠ انديا هندو يڠ تاهو
بهاس ملايو اڤ ادکه توان فيکراي
2
اکن منيڠݢلکن درفد برچاکڤدڠن
ديسڤاي مندالتکن سئورڠ جاوايڠ

تيدق تاهو بهاس ملابو تيدق سکالي٢
)
اين تياد اکن جادي دان اين ڤرکارا
يڠاد جادي بتول يڠ تيدق بوله
دسڤکلکن لاݢي
درڤد ايت کيت مڠتهري يأيت
الله درڤد منورنکن قرأن دڠن بهاس
عرب دان ممرتهکن اورڠ٢ ـلام
سبهيڠ دڠن ممباچ قرأن ليم کالي
بهاري سمالم ايت تيدق توجوانڽ
ملينکن سڤاي مريک ايت بربهاس
دڠن ساتو بهابس يڠساتو جاديله
مريک دڠن بهاس ايت ساتو اومة يڠ
ساتو درايت مسلم عرب جادي همڤير
دڠن سوداراڽ مسام چينا امڤمان ترلبه
دراد جيرانڽ اورڠ صومالي يڠبوکن
مسلم دان دمکين اين تله جادي
ڤد ماس٢ اسلام سدڠ ماجو دهولو",metaphor
4,1933-07-08,WM,2,https://jawi.sgp1.digitaloceanspaces.com/page_scans/WM-1933-07-08-0002.jpg,"سبوڠن درڤد موک 14
مناهن سراڠن کومن٢ دأتس

کلال کربڠ
ساڽ ساڠتله مستحق دتاهن اکن
کجادين سراڠن کومن٢ اتو هولت٢
بايک دأتس ايسي٢ کلاف اتو دأتس
جوريڠ٢ کلاڤ يڠ فرتڠاهن کريڠ
مپب دڠن جالن اينله سهاج بوله
مناهن اسڤ درڤد ملکت مناهن
ورن کلاف کريڠ درڤد جادي براوبه
مناهن سراڠن درفد چنداون دان
مناهن سراڠن درڤد بڠسا٢ کومنيڠ
ماکن کلاف٢ کربڠ ايت اختيارڽ
باݢي منجاوي سراڠن اين ايله
جوريڠ٢ کلاڤ اينت دڤانسکن يأيت
دجور اتو ڤون دسالي سبلوم سبارڠ
مراڠن کومن٢ ايت مريق
دڠن دمکين ايت مستحق ساڠتله
جرال يڠبوله دڠديقکن ماس دانتارا
ممبله دڠن ممانسکن ايسي٢ کلاڤ
ايت تاڽ تيادله ڤول مدأي سهاج
دڠن منايککنڽ کأتس سالي يڠن
تالي ايت مستيله سده ڤانس وقت
کلاف٢ ايت دنايککن بالي ايتڤون
هندقله دفربوات ددالم سوات کادأن
يڠ اڠين يڠ ممباوا هوايڠ سجوق
تياد سمڤي کدالمڽ دان جوݢ بڤاي
الاين کلاڤ ايت ڤد سبله اتسڽ
نداڤت بامڠ افيڠ جوکڤ ڤانس

هواڠ سجوق يڠتياد بايک ددالم
سالي ايت بارڠکالي بوله دسييکن اوله
ککوراڤن جالن اڠين ددالم تيمبونن
کلاڤ٢ اتو فون هوا ڤانس ايت اد
مڠدوڠي لبڤ يڠبرلبيهن دان
منجاديکن کلاڤ٢ ايت سجوق
دڠن دمکين ايت سکيراڽ تياد",theatre/opera
5,1933-07-15,WM,5,https://jawi.sgp1.digitaloceanspaces.com/page_scans/WM-1933-07-15-0005.jpg,"مسڠݢوهڤون ڤد ماس سکارڠ
ين دنياکسمئاڤين مليسيت تاڤي ڤون
دالم الور ستار کمکوران ڤد تيڤ٢
مالم هاڽ مالم جمعت تربوک ڤتو
ان لڠهبورانن دالور ستار قدح
ائرݢ دنيا اد 4 ڤرماينن ددالڽ
1 وايڠ نوريان اوڤيرا 2 جيکيه سيم
3 وايڠ ݢلڤ 4 وايڠ چينا ڤنوه
تون ماسوق مليهت لاکي٢ دان
فرمڤوان درڤد برباݢي٢ بڠسا ملايو
قلڠ بڠݢالي سيم دان چنا يڠتراوتام
ورڠ ملايو يڠباڽق سکالي بايران
سلسوق 10 دويت دان بايران مليهت
اڠ نوريان اوڤرا ١ ٦٠ دوبة 40 دويت
ان 20 دويت فرخبران سکارڠ تله
تورنکن بياران ملبهت وايڠ ايت
ان برتبه٢ بايق لاݢي فنتون٢
فرق مليت هڠݢ تياد تمڤت ڤد
يڠ هاري ڤنوليس ليهت باڽق اورڠ
ردويون٢ براولڠ ڤرݢي ماري دجالن د
فݢار منوجوکرومه توکيه ککينجت
يڠبرکڤيت دان يڠبرڠکوس د
بباکن بندا٢ کأدأن سيمڤان ڤر
ڤرومه توکيه ککينجة منريماواڠ بلنجا ه
فابوان جموان مات دان هلوا تليڠاڤد
الم ايت فنوليس فون سام جوݢ
سڠکوهڠون کچک بيارانڽ10 دوية
باران ماسوق دان 20 دويت بباران مليهة
فاني ڤون بلنجا برچݢران سيوا به
نجا ڤرݢي باليک سرت بوڠا در
سندران ايت تله منجادي بسر يو
تقميرکن سکورڠ٢ڽ 50 دوت
ئورڠ ددالم سبواه رومه سکورڠ٢ ايس
ون 3 اورڠ جمله جادي 1.50 مک
ارڠ٢ يڠدسيمڤن ڤد توکيه کينجت ڤر
ت سهابس٢ تڠݢي کهندقڽ تتالي
ن توکيه کينجت منريما سهابس٢ باڽ
دل  درڤد هرݢاڽ اتو  16 درڤد بول  رݢ بارڤت امکانتا کا انتا ت",puppetry
6,1933-08-01,WM,3,https://jawi.sgp1.digitaloceanspaces.com/page_scans/WM-1933-08-01-0003.jpg,"الحمبرا دان مليارا
اين مالم
روبرت مونتکومري
ميج ايبنس
جبيمي دورنت
والتر هستن
روبرت ياڠ
دان لاين٢ اهل٢ وايڠ يڠترکل
ددالم ساتو کمبر يڠ بسر کلوارن
مترو ݢولدوين ماير يڠدنماکن
نراک دياوه
BELOW”
HELL
ساتو چريتا ددالم کڠل اڤي سلم
يڠ مناريق هاتي بسرت دڠن ساتر
برکاسيه٢هن يڠ قوات ....
...
کڤد مڠاساکن توهن دان کهيدوڤن
√2
بڠ سمڤرن جک سمڤي کڤد کامو
سروانڽ ايت هندقله کامو سکلين
تريکا سکيراڽ جک ڤنجڠ ءمکو

سمڤي کڤد هاري کلوار سروان ايت
ساڽ اکوله يڠ مولا٢ سکالي اورڠي

ک ممبنرکن ڤرکتأنڽ دان يڠکدوامريک
يڠبراݢام نبي الله ابراهيم عليه السلام
ايله زيد بن عمرو بن نبيل انق سودارا
الخطب تله دروايتکن درڤد سيدتا
了
عانše رضى الله عنها بهواسڽ اي

برکات اکو مندڠر رسول الله برسبا

سمت زيد بن عمرو بن نفيل ببيب

کل ماذبح اڠيراڽ فکان يقول لقرڽ
?
الشاقخلها تلهوأنزل لهاالماءن السماء
c
وأنبت لهامن الارض الکلاه ثم
تذبحرنها عى غير اسم الله مندڠراکر
了
اکنزيد بن عمروبن ن菲尔 مڠعئب اي
سݢا بانيڠ فد سمبله بارݢ لاتين نام
",theatre/opera
7,1933-08-02,WM,9,https://jawi.sgp1.digitaloceanspaces.com/page_scans/WM-1933-08-02-0009.jpg,"فرخبران موار
موار جولي 31
مڠيکوت ڤرخبران يڠدتريما ڤد
اݢ اوݢسة هداڤن سوات ڤرادوان
فутبول اکن دادکن دڤادڠ بسر موار
دانتارا ڤاسوقکن سکوله اڠݢربس
کراجأن موار دڠن فلسوڤکن عيم
في ايج سڠاڤورا دان فد مالمڽ قول
اکن دادکن مڽاڽي دان لاکوان وايڠ
کونتسبرة دباڠونن سکوله اڠݢريس
موار
لد 10 اوݢست اکن دادکن سوات
لرلاونن ڤوتبول باݢي فرتنجوقڠن
فادڠ بسر ايت جوݢ دانتارا ڤلوقکن فجابت تانه A يڠتله براوليه
الکناڠن باݢي بهاݢين بندر دالم
لک 1931 دڠن ڤاسوقکن ڤاريت امل
يڠله براوليه کمناڠن باݢي بهاݢين
کئوڠ دان سئم ڤرملان ايت تواة",theatre/opera
8,1933-08-02,WM,3,https://jawi.sgp1.digitaloceanspaces.com/page_scans/WM-1933-08-02-0003.jpg,"بخاريته جولي 24
ترباکر يڠبرر دمادياش ايت
ماسيه اد مڽالا لاݢي ائيڽ دان تله
تروس مم汶ساکن تمڤت ايت سلما 18
هاري کراجأن تله مڠهتر ٤ اورڠي
فني٢ سڤاي منتوکن سبب دان
ممبري نصيحة بݢيمان اڤي ايت توله
دفادمکن ڤکرجأن اين دسڠکاکن
اکن دمولاکن ڤد هاري ثلاث اوله
مڠݢالي لوبڠ دباوه تانه دتمڤت يڠ
ترباکر بسر سکالي
يڠامت مليا تڠکو عبدالريحن
فݢاوي دائره ڤادڠ ترائ فدح تله
دبنرکن سبولن چوتي دان انجي
مخلد صرفي بن محمد حسن تله
داڠکت سڤاي ممڠکو جواتن تڠکو
عبدالرحمن ايت تمباهن کئد
جبد برحمه ايب امباس تيد فکر جأنتر بهنرتن بنهن برݢيدي برا
الحمبرا دان ملبارا
اين مالم
روبرت مونتݢومري
ميج ايبنس

جيمي دورنت
والتر هستن
روبرت ياڠ
دان لاين٢ اهل٢ وايڠ يڠترکنل
ددالم ساتو ݢمبر يڠ بسر کلوارڽ ميترو ݢولدوين ماير يڠدنماکن
沃فراک دباوه
HELL BELOW
ساتو چريتا ددالم کڤل اڤي سلم
يڠ مناربق هاتي بسرت دڠن ساتو",film
9,1933-08-02,WM,6,https://jawi.sgp1.digitaloceanspaces.com/page_scans/WM-1933-08-02-0006.jpg,"ν
نيو ورلد
二
2
اولاڠن هاري اکجاديڽ
با
يڠکسڤوله
نيو ورلد تامن کسوکأن
j
دسيڠاڤورا اکن مڽمپبوت اولاڠن هاري
二
کجادينڽ يڠکسڤوله مولاءي دري

4 هڠݢ 8 اوݢت اين
j
دديريکن دالم تاهون 1923 لبه
کورڠ ستاهون لڤس فرتجوڤن ملايا
>
بورنيو مک نيوورلد ايت ايله يڠڤرتام
31
يڠ ماسوق کميدان دسيڠافورا دڠن
：
روف کسوکأن سماچم اين دان باڽق
3
اورڠ٢ ماسيه اد تراڠت لاݢي اکن
مالم اول دبوک لبه کورڠ 10 تاهون
دهولو
نيورلد ڤد هاري اين بوکنڽ
بݢيمان 10 تاهون دهولو  فراوباهن٢
تله دفلربوات دري ساتو کساتو ماس
دان نيوورلد ايت تله ماجو دري
ستاهون کستاهون سهڠݢ سمڤي
بݢيمان کادأنڽ هاري اين اوله کران
ڤراوسهأن توان٢ ڤرڽ دان ڤد هاري اين
ايله تامن کسوکأن يڠلام سکالي دان
يڠترباڠ بوکن سهاج دسيڠالورا
بهکن دسلوره تانه ملايو
سڠݢهڤرن موسيم کڤيچيقکن
دان سڤاي مڠالهکن سݢل
ڤربواتن بڠ سده٢ مک دڠن
تيدق دهيتوڠکن بلنجابهوا فرماينن٢
يڠخاص دليليه تله دتتوکن کران
هاري سبوتن تاهون يڠکسڤوله
يڠاکن ديمبوت دري 4 هڠݢ 8
اولݢنت بݢيمان يڠترسبوت داتس
لاين درڤد وايڠ٢ چينا يڠساون ملايو
وايڠ٢ ݢمبرچناوايڠ٢ ݢمبربرچاکڤ
بوڽن٢ دانلاين ڤرماينن يڠبياس مک
اکن دادکن تمباهن بݢيمان يڠدباوهـ
بوڠاالي خاص دأسن دري",film
10,1933-08-03,WM,1,https://jawi.sgp1.digitaloceanspaces.com/page_scans/WM-1933-08-03-0001.jpg,"دسبواه تلري دعن ساتو توجوان دان
ساتو هالامن دڠن ملوفاکن بهکن
منچابوتکن ديري درفد ڤرستروان
دڠکي دان دندامن دانتارا مربݢية
کتيک ايت اي مموجي کفرضوان

زکاة دالم اسلام داز زکاة ايت سبايک٢
فرهوبڠن يڠ مندمڤيڠکن اورڠ ا凵ر
دڠن اورڠ کاي دان کتاڽ بأيت جک
اورڠ کاي مڠنارکن درڤد هرت٢
مربک سباق 2 ڤرانس نسچاي داڤت
مريک مڽمڤيکن حاجة اورڠ٢ اسلام
دان مريک منجادي سنڠ اورڠ٢ ڤمنتا
صرفه دساوره ججاهن٢ دنيا اين
کتاڽ مسلم意义上يدق مڠاونتوقکن
بنتوان٢ دان درما٢ ايت کڤد قومڽ
سهاج تتاڤي اي مڠولکن تاڠن درما
دان بنتوان کڤد انق مأنسي مڠيکوت
جالن بودي فکرتي دان امل ڤراڠي
دڠن فندوان دان اجران اݢاڽ يڠ
برسيه کران اسلام ايت اݢام يڠ تربڠسا
کڤد کسمواڽ عالم دان مپرو اورڠ
اسلام مڠڠکة کبرانن٢ دان تڠݢوڠن ٢
دان برسکوتو دڠن ڤرسکتوان عالم
دالم مناڠ دان مريڠنکن کبراتن٢
کساکيتن٢ دان کسوساهن٢ عالم
اکندسبوڠ
سبواه ڤڠݢوڠ وايڠ يڠ لام
ترباکر داوستريا
بيانا جولي 19
سبواه ڤڠݢوڠ وايڠ يڠترمشهور
دزمل دکت دڠن اينسبروک تله
هابس ترباکر ڤد ڤاݢي هاري اربم
دڠن سݢل ڤرکاکسڽ سبب باݢي
کجادين اڤي ايت بلوم لاݢي دافت
دڽتاکن دڠن تڤ
فڠݢوڠ وايڠ ايت ايله سبواه
درڤد يڠ ترمڽهور سکالي ددالم دنيا
يڠبرتاريخخ دري سمنجق 300 تاهون",theatre/opera
11,1933-08-04,WM,3,https://jawi.sgp1.digitaloceanspaces.com/page_scans/WM-1933-08-04-0003.jpg,"المدرا
اين مالم
روبرت مونتݢومري
ميج ايبنس

)
جيمي دورنت
)
والتر هستن
روبرت ياڠ
دان لاين٢ اهل٢ وايڠ يڠترکنل
ددالم ساتو ݢمبر يڠ بسر کلوارن
ميتروݢولدوين ماير يڠدنماکن
وونراک دباوه
HELL BELOW
ساتو چريتا ددالم کڠل اڤي سلم
يڠ مناريق هاتي بسرت دڠن ساتو
برکاسيه٢هن بڠ قوات ...........",film
12,1933-09-12,WM,2,https://jawi.sgp1.digitaloceanspaces.com/page_scans/WM-1933-09-12-0002.jpg,"رمفاين موار
موار سڠتمبر 12
ڤد هاري خميس يڠلالو
س fasوفکن امل٢ ڤڠاکڤ درڤد
سکواه اڠݢريس کراجار موار تله
فرݢي برخيجه کتنجوڠ کليڠ ملاک دان
اکن براد دسان سلما سميڠݢو
ڤاسوقکن ڤوتبول جلن عثمان
0
تله ملڠݢر سݢامت اد هاري خمبس
يڠلالو ملاون فاسوقکن فوتيبول سݢامة

دان کسداهن ڤرادوان ايت جالن
اءتمان براوليه کناڠن 3 ݢول بربالس 1
ادفون فاسوقکن جالن عثمان اين سوات
ذرڤد ڤاسوقکن٢ يڠ مڠمبيل بهاݢين
ددالم ڤرادوان ليݢ موار ڤوتبول
اسوسياشن يڠبهارو لڤس دان دالم
سڠجڠ فرادوان اين تيادجوݢ مرکاڽ
β
ترجاتوه کباوه ساڠت درڤد مرکا٢
ڤاسوقکن٢ انديان دان ڤجابت تانه
فرتنجوقڽن چريتا يڠدنماکن
ترزن ذي ايڤ دلڠݢوڠ وايڠ
اشياتيک سينيايت موارتوکي تله
دليت اوله باڽق اورڠ٢ موار کران
s
نمڤقن ددالم 4 مالم چريتا ايت
دتجوقکن تراقسا ڤلواس وايڠ ايت
学
مڠݢيل فوليس کران امان ڤد تيڤ٢
ڤا
مالم مڠلامکن مريک درڤد برمڤوم ٢
دان برݢولوت٢ ممبلي تيکيت اتو
了
مڽربو ماسوق درڤد انداڠن يڠکاسر
تله ددافتي بيلاڠن ڤنتون٢ ايت اد برلبيهن ڤرمڤوان درڤد لاکي٢
epsilon
فرکيرأن واڠ کلوار اد لبه بايق
＜
درڤد ڤرکيرأن واڠ ماسوق دڠن
کادأن٢ يڠبرکيليڠ دبندرسين مک
اڤکل هوتڠ دان فيوتڠ ايت تيدق دالت
برتيمبڠ بݢيمان يڠ سڤاتوتنڽ بوله جادي
سوات ڤربڠکينن ڤول لکتد ڤياکيت
کفلا بڠ منڤولکن فيکران ڤد جالن",film
13,1933-10-09,WM,3,https://jawi.sgp1.digitaloceanspaces.com/page_scans/WM-1933-10-09-0003.jpg,"منتري فرکاراواڠ ايت دڠن السن يأيت
منبهکن چوکي٢ ايت منجادي
سوات مريها درفدانق نݢري
فدحد اين منتري بسرايت تله
منڠݢوهکن مشوارت ايت هڠݢ
هاري اثنين سينچو جيت فره
فاسوقکن فندرهکا چينا مڽره ديري
شيڠهاي اکتوبر 8
ارکلاهين دکاوليڠ دانتارا
فاسوقکن فرتڠاهن دان ڤندرهکا
دري چارهر تله برکس داهن فد
هاري سبت مالم منکل ڤندرهکا٢
ممبوات ڤرلڠݢرانڽ يڠ اخر دان تله
منڠݢوڠ کهيلاڠن يڠ بسر ڤاستوقکن٢
کراجأن تله ممبالس سراڠن ايت دان
مڠمبيل سمولا نمڤة يڠبرݢون سکاليلڠ
تاتيو دان توڠليو دسلانن کاوايڠ
ڤندرهکا٢ دهولاوهوثله مڠيرکن
بنديرا ڤوته دهدالن فاسوقکن يڠ
برکمناڠن ايت يڠ دکتوأي اوله جنرال
وان فولاين مڠورڠ وکيل درڤد جنرال
لڠ جين وو کتوا ڤاسوقکن٢ چارهر
ايت تله سمڤي دڤرخيماهن جنرال
وان ڤد فايݢي اين دڠن ممباوا فرخبران
سراهن جنرال لڠ
فجابت بسر ليڠ تله ممبري
ڤرنته يأية جنرال فڠ مستيله دهاڤوسکن
سکالي قوات کواسڽ سبلوم کراجأن
ممرلاءي رونديڠن دڠنڽ
ڤڠ تله ممبريتاهو مقصودڽ هندق
منيڠݢلکن نݢري ايت کران ساتو
فلايران کلوار دري نݢري
السوقکن٢ ڤندرهکا ايت تله
دڠن سنديريڽ اندور درڤد تڠشن",film
14,1933-10-19,WM,2,https://jawi.sgp1.digitaloceanspaces.com/page_scans/WM-1933-10-19-0002.jpg,"لواهله کلماهن يڠ مباکة دان مڽاکيتي
مسلمين دان يڠ مهرڠ دان ممراڠي
مسلمين دڠن سهابس٢ کقوانتڽ يڠ
منجاديکن برتوکوق٢ لمه دان لاسا
ايت لالو مريک بربڠکيت دڠن هيبة
ممبري ݢمنتر سکلين ڤيهق٢ يڠلاين
يڠ دڠن بڠکيتن اين مريک مڠبيل
حق٢ مريک دان سمفيله مريک کڤد
الـ٢ يڠ مريک اڠن٢ دان جيتا٢کن
ايت ايله کتڠݢين کبسران دان
کمليان
سبهاݢين درفد بهاݢين٢ درڤد
انتوڠ تواه يڠبايک ايت ايله لاکي٢
درڤد اهل اوسها دان ڤکرجأن ممبايک
دان ممبتولکن دسلوره نݢري٢ اسلام
ايت سمواڽ برستوجوان بلاک اتس
ڤراتوران٢ قاعدم٢ دان اساس٢ يڠ
دانسڽ مريک باڠونکن باڠونن ممبايک
ذان ممبولکن کادأن دان کتڠݢين
مسلين
واسطه٢ يڠ مپمڤيکن کيرين٢
دان فرخبران٢ دڠن سݢرا دان
اهل سورت خبر اسلام يڠ داڤت
مربوت توجران٢ جواتنڽ منجادي
ڤنديق دان تيڠکس دڠن سهابس٢
سݢرا ايت جوايڠبرجاس دان کلبيهن
بسر دالم منجاديکن تمبوه دان ممبسر٢
سيمڤران٢ دان تالي٢ ڤرهمبڠن دانتارا
مريک دان منݢوهکن ڤرهوبڠن٢
يڠتربڠسا کڤد روح ڤراسأن فيکران
دان چمڤوران رامي يڠ مڽاتوکن
توجران٢ دان ڤيودم٢ باݢي چيتا٢
مريک
مک کيت سکارڠ مندڠرسوارا
2
حال ممبايک دان ممبتولکن ايت مندرو
ترکموره بوڽ درفد فهابستن
，
هوجڠ سبله بارت هڠݢ فڠها يسن

هوجڠ سبله تيمور دان دري اڤها يسن

اتس سمڤادن سببه اوتارا هڠݢ",film
15,1933-10-21,WM,2,https://jawi.sgp1.digitaloceanspaces.com/page_scans/WM-1933-10-21-0002.jpg,"ساي سداهي دڠن ڤرکتأن
بکرج ايتوله ڤڠݢل يڠتݢوه دالم
کتڠݢين اسلام دان مڽلدين مک
هندقله کامو برعمل مدهمداهن کامو
دکرنياکن الله برکت دان هندقله
کامو راجين سڤاي الله هترکن روح
درڤداڽ دان لاين٢ لاݢي يڠ کامو
سوکاي نصرمن الله وفتح أريبوبشر
المؤمنين
لمباݢ منتري توکيو ددالم بهيا
منولاق کهندق٢ افلاون
نڤراڠن يڠبرکواس
شيڠهاي اکتوبر 19
لمباݢ متري جڤون تله مڠادکن
لاݢي ساتو مشوارة ڤد هاري ثلاث
دمان تله دڤرستوجوکن سڤاي دتڤکن
فکاتن کأمانن دڠن نݢري٢
امريکا ڤرسکتوان دان مموتسکن
مسئله٢ يڠتراݢتوڠ دڠن سوبيت
روشيا تتافي منتري فرکارا واڠ دان
تتري فڤراڠن تيدق ماهو برتوجو
اتن چداڠن منمبه تترا دارت دان
اودارا
دتاکوتي بهوا ڤرکمڤولن ڤڠنجور٢
تترا دارت دان لاوت اد برايکر
هندق منجاتوهکن امبائݢ سکارڠ
اين دان منديريکن لمباݢ يڠلاين
دڠن ڤهلاون٢ فڤراڠن يڠبرکواس
ممݢڠ تراجو کراجأن
باتي دتمڤت دودق
برلين اكتوبر 1
داج کونسد جنزال دليڤريݢ
يڠبرنام دقتور کنوبيلک يڠتله حاضر
دالم ڤربچارأن اڤي باݢي ڤيهق
نݢريڽ تله ماتي دالم فڠݢوڠ وايڠ
ݢمبر دسين درڤد اڤاکيت لمه دهاتي
ا
لنتون٢ ايت تياد سدرکن کماتينڽ
اد مڤ حبأي اي تدور دتبهة دودقڽ
Δ",film
16,1933-10-26,WM,6,https://jawi.sgp1.digitaloceanspaces.com/page_scans/WM-1933-10-26-0006.jpg,"ن اورڠرامي
الاڤ يڠدأندڠ دماتڽ درڤد اجران
برڤيکر اتس ڤرکارا٢ يڠبلوم تراݢمبر
دماتڽ
بايق کتراڠن بڠ مڽوکڠ کڤوتسن

ڤندالتن بهوا جنس٢ ڤلاجران يڠ
دݢماري اوله رامي دان يڠتله
دڤرسقسيکن باݢوسڽ ڤد ممبتوءڤراڠي
دان عقل ايله بڠبرڤاتده سکالي درلد
جنس يڠترکندوڠ ددالمڽ اجران يڠ
سمات٢ باݢي ڤرݢونأن اولق يڠ
سدرهان سهاج بايکڽ اية دچمفورکن
دڠن لاتيهن توبه دان ڤراوسهأن
توان يڠتراوتام ايت ممباج لاݢي
سبوتن ددالم کتاب ايت يڠ ممبنر يڠکن
قاءده ڤرنسيس دڠن فاءده اڠݢريس
فد ممبري فلاجران کڤد رعيت٢
ججاهن ماسيڠ٢ دمکين بوڽڽ ڤد
مڽتاکن براکأن دڠن قاءده فرنسيس
سياست مريکئية ايله ممبري للاجران
ڤرمولاءن دڠن سڠنوهڽ کڤد رعية٢
ججاهن مريکئيت تتافي دسکنڽ
فلواڠ٢ ڤلاجران لبه تڠݢي درفد
مريک٢ اڠ نمڤقڽ بوله داڤت فائده
درڤداڽ ارتيڽ يڠ بوله دافت واڠ دڠن
کرانڽ
ڤلواڠ٢ باݢي بلاجر دلوارنݢري
اد دبري اوله ڤمرنته ايت سندري
تتافي ترخص کڤديونيبرسيتي٢ ايبو
نݢري ايت سهاج دمکين اينله
جوݢ اساس توجوان٢ سياست يڠ
دجالنکن دڠن قوات ددالم ججاهن
بلندا دان ايتالي
ددالم اݢيت برتن 200000000
اورڠ اد ڤرݢي منيڠو وايڠ ݢبرڤد
تيف٢ ميڠݢو دان جمله دسلوره دنيا",film
17,1933-12-08,WM,2,https://jawi.sgp1.digitaloceanspaces.com/page_scans/WM-1933-12-08-0002.jpg,"دکهندقکي  انق٢ وايڠ ملايو
دان ڤرمفران٢ مهاڽي دان مناري کران
برماين ددالم بڠساوان دان وايڠ
ݢمبر برچاکڤ ملايو مستحق
دکهندقکي درفد مر菊花٢ يڠ سده
ماهر ڤرمنتأن هندقله دسرتاکن دڠن
ݢمبر ماسيڠ٢ دان دعلامتکن کڤد
Malaya Film Service
742 North Bridge Road
Singapore.
ڤرتڽأن
ساڽ ترباج کراڠن ورت ملايا
رکنأن کسمڤين توان دقتور خالد
شيلدرهک دري ڤواو منيلاک سيڠاڤورا
دان باڽق ممباوا ارخبران تمڤت
ڤرلاواتنڽ فنوليس دڠن ببرالف
کشکوران مندڠر ڤرخبران يڠ توان
دقتور خالد شيلدريک برچاکڤ
فرجفأن ورت ملايا بيلاڠن 282 تاريخ
١٢ شعبان٢ ١٣٥ درايت هارلله دڠن
احسان توان دتور خالد شيلدريک
فنوليس منومڠ برتڽاکن حال برکنأن
دالم نݢري ترکي کراجأن بهاروالغازي
مسطفي کمال باشا دڠن کبڠسأن ايله
دڠن منوکرکن بهاس عرب نڠن بهاس
ترکي دالمسبهيڠ دان عباده دان مراڠي
سݢل جالن لام دان ببراف باڽق تله
دحکومکن علما٢ سقدر اين ڤرکأن",theatre/opera
18,1933-12-09,WM,10,https://jawi.sgp1.digitaloceanspaces.com/page_scans/WM-1933-12-09-0010.jpg,"بورڠ ايت برهوجا ڤاتهله رنتيڠ ايت
دڠن فوات بومبڽ دان ݢوݢور کباوه
ماس ايت بهاروله سي ݢيدو سرت
کدوا٢ ايکور سيڠا ايت سسام
ترڤرنجت دڠن ترلمڤودهشتڽ ددالتي
سي ݢيدو ترلولڠ سقواة٢ هاتي بربوڽي
هوݢدي ا.. لبه کورڠ ارتيڽ بالله
لڠسوڠ ترڤندڠ کڤد سيڠا ايت يڠ
سام٢ ترڤرجت سرت برديري
ترسرݢم تيدق براف جارق درڤداڽ
ايت مک تيادله دافت دکتاکن
يݢيمان کچماسڽ هاتي سي ݢيدو
دوقت ايت توهن جوايڠامه مڠتهويڽ
انتوڠلهماڠت ݢيدو کرس ساءت
ايت جوݢ اي مڠيکتکن بالک
جادڠن هاتبڽ مولا٢ تادي سرقة مرتاله
اي ترجون ماسوق کدالم سواق ايت
بردبور ماسوق اکچله باتو ايت
مپمبوڽيکن ديريڽ
سبايک٢ برݢرک سهاج سي
ݢيدو کدوا ايکور سيڠا ايتڠون
مڠهمبوراه منرکم دڠن ݢارڠڽ هندق
ممبونه ݢيدوتاڤي تألوسهکن هندق
ممبونه سدڠ هندق ملبهت روف
سي ݢيدو جاڠن داوچڤ٢ لاݢي
کران سي ݢيدو سده لپت نووو
ويون جاوه ترڤوق ددالم لمڤور دان
منجوڠولکن هيدوڠڽ مدهکية دجله
تيبونن باتو٢ ايت بيرالجم دتوڠݢو
اوله سيڠا ايت دڠن بڠيسڽ تياد
جوݢ دالت هندق مڽمڤيکن
ايدامنڽ کڤد سي اݢيدو اخرڽ
اندورله کدوا ايکور بناتڠ ايت دري
سيتو ماکين لام سماکين جاوه
کمدين بهاروله سينݢيدو کلوار
فلاهن٢ دري سواق ايت دڠن
ترساڠت کتاکوتن لالو لاري ڤولڠ
کرومهڽ دڠن سلامت اداڽ
اوله احمد",puppetry
19,1933-12-11,WM,1,https://jawi.sgp1.digitaloceanspaces.com/page_scans/WM-1933-12-11-0001.jpg,"ارتجقنن وايڠ ݢبر ايت
c
توان فڠاديل تله دالتي يقدتوده
牛
ايت ساله دان کمدين دراد منتوکن

درفد فݢاوي يڠ منجالنکن ڤردعرأنا
ڠ
اين اتس خکومن٢ يڠدتوده يڠتله
Ⅱ
لااو تله مڠحکو مکن يڠد توده 12 بولن

فنجاراکرج برت دان 12 کالي دفوکل

دڠن روتن برايکوت دڠن دوا تاهونا
دباوه فرهاتين فوليس
n
اريڠاتن يڠدتوده ايت تله
acute
منجوقکن 6 حکومن ترلبه دهواو
3",film
20,1933-12-11,WM,1,https://jawi.sgp1.digitaloceanspaces.com/page_scans/WM-1933-12-11-0001.jpg,"سئورڠ بڠسا ها کا بڠتياد
فکرجأن برنام يڤ ميڠ تله دتوده
لهاري جمعة 8 دسيمبر دمحکه
فرلس يڠڤرتام دسين دهدالن توان
حي دبليو ايه سينيت دڠن مڽارق
کرجق سئورڠ سيارن يڠبرنام

کاترا بيلو ڤد مالم 1 دسيمبر دوايڠ
أكبر سن
يڠدتوده ايت تياد برلݢرام تله
تأسڤي دبچاراکن دي توان دي
ين لبيڠستون او سي اي دي
بنو منجالنکن اردعوأن
يشمڠادو ددالم کڽتأنڽ تله
مملونکن کڤر محکمه يأيت ڤدالمال
ترسبيت لبه کورڠ 830 دي سدڠ اد
دبري دبرندا وايڠ ݢبرسن کمدين
ولد مليهة ارتنجوتن ايت دسأن اد
بن اورڠ٢ دان اد هونجن تتکل
دبري دسان اي تله براس سئورڠ
بڽته کوچيق تڠ داداڽ دي تله
فرهاتيکن کوچيقڽ دان تله دالتي
عالم اڽورتڽ الله هيڠ دي تله برفوسيڠ
کليڠ دان تله مليهت سئورڠ چنا
ودا لبه کورڠ ساتو ايلا جارق
سببي دبالک تيمبرق دي تله
تدالتکن اورڠ چينايت دان برتچاکن
بک اي تله فنچوري قام اپرتڽ
جينا مودا ايت تله تپڠکلکن يڠ
ي اد بربوات دمکين تتاڤي يڠ
مادو تله هقينکن يڠدتودهله يڠ
انبري قام ايت کمدين اي تله
دبري دلمفت تيکيت دان تله
ڠکڤڽ دڠن سبله باڠن لاݢي دان
ناکن دي جک اي تله مچوري
لڽ دالماس اي مڠݢڠ مريک کدوا
بيکئية تله ملڤسکن ديري دان لاري
ائرڠمتماة ملايوتيال بڠمڠچمکن
التوده ايت ماس لاري تله منڠکڤڽ
نکمديت مک تله فرݢ کومه",puppetry
21,1933-12-11,WM,1,https://jawi.sgp1.digitaloceanspaces.com/page_scans/WM-1933-12-11-0001.jpg,"فاسوڠ يڠدݢوده ايت تله دڤرقسا
تالي قلم ايت تياد دداني کڤداڽ
چيوڠ فن چينا مودا سياڤ يڠتله
دداليتي برسمبوبي دبلاکڠ ساتو تيمبوق
تله ممبري کڽتأن کڤد خال ايت يأية
^
اي تله مليهت يڠدتوده ممنده
سديکيت بندا دري کوچق دادايڠ
مڠادو تتافي اي تياد تاهو بندايت
قلم اتوڤون بندا لاين
سئورڠ سقسي لاين سياڤ يڠ
برسام٢ دڠن يڠ مڠادو ڤراݢي کوايڠ",theatre/opera
22,1933-12-12,WM,1,https://jawi.sgp1.digitaloceanspaces.com/page_scans/WM-1933-12-12-0001.jpg,"ايت
کتتف کديامن فرمڤوان
دبييري هل
کريتاڽ تله دکروموني اوله
ببرالف اورڠ دان اي تله دتاريق ڤورن
مريکئيت تله منايککن دي کدالم
کريتا مريک سندري دان ممباواڽ
کسوات لفت دمان مريک تله مناهنڽ
سفنجڠ مالم ايت
ڤد ايسوق ڤاݢي مريک تله
ممبنرکن دي برجاکڤفتيلايڤون کڤد
سئورڠ وکيل بڠتله تيبا دڠن 4000
واڠ قرطاس ليم اوله رڠݢيت
سڤݢهڤون اي تلهاڠݢن سکالي
هندق چاکڤکن اکجادن ايت مک
توان چڤلين ايت فدماس اين دخبرکن
اد برصام٢ بکرج دڠن وکيل لجابت
کعاديلن يڠ مناروه بتين بهوا اوريور
دن اينوله کتوا درفد ساتو ݢمڤوان
يڠته ملاربکنڽ
سنجق کافاجنڽ ايت توان
چڤلين دان ميم بودارد تله دکاولن
دڠن قوات اوله متمات ݢلڤ سولية
سايوجواتنکواس ددالم واشيڤتن
دالم سدهکيت ماس بڠاکن داتڠ
اکن مڽباسة سکاين تسئله برکنأن
دڠن ملاريکن اورڠ ايت جواتنکواس
ايت اکن مندڠر کڽتأن ببرافاهل٢
وايڠ هوليوودلاݢي يڠدکتاکن اد 14
اورڠ سلان درڤد اوان چڤلين يڠتله
ترمالڠ درواڤ ايت جوݢ دان تله
ممباير واڠ تبوسن دري سباڽق 2000 £
هڤݢ 30000 تيڤ٢ سئورڠ کران
کلڤاسن مريک
هرݢ هݢانن باݢي تاهون 1934
焦油
سنه
سبولن
$1.75
تيݢ بولن
5.25
انم بولن
10 50",film
23,1934-12-24,WM,2,https://jawi.sgp1.digitaloceanspaces.com/page_scans/WM-1934-12-24-0002.jpg,"ستياغن دهوليوود
تنتوتن٢ کساتوان٢
اهل٢ وايڠ
هوليود دسيمبر 21
سوات اڠݢن بکرج عام اد
داوݢي ددالم فراوسهأن وايڠ باݢي
مڽوکڠ تنتوتن کساتوان٢ اهل٢
فلاکون وايڠ يڠترماسوق کونتراک
يڠدتتفکن دڠن شرط کران فربچارأن
اورڠتڠه ددالم فرتليڠکاهن٢ يڠبرلاکو
انتارا سسئورڠ فلاکواز دان فڠلوار٢
کهافوسن فجابة فڠݢيلن سبواهفجابة
يڠدجالنکن اونه فڠلوار٢ يڠتراوتام
کران فلاکوان٢ يڠبرکونتريک دان
حق فلاکوان٢ موکيلી لاين٢ اهل
يڠ برفکرجأن ايت ددالم سکلين
فرکار ابرکنأن دڠن فڠلوار ايت فد
ماس سکارڠ اين اد سوات هالڠن
تتافي اداله دهارفکن يأيت سوات
فرسلساين دڠن موافقة اکن ددفاتي
دان اڠݢن بکرج دايلقکن روتر
فد 26 هاريبولن نوبمبر يڠبهارو
لس اين أ عبدالحميد يڠبکرج
دفجابت 	P.A.T دسوڠکي تله
ملڠسوڠکن فرکهويتنڽ يڠرڠکس
دڠن دويه بنت اواڠ
فرض٢ اݢام دڠن سمفرناڽ دان اداله
ماس ساي لاݢي کچيل مڠاجي بهاس
عرب دسکوله بارت دالم کواي چودان
دسکوله تيمور دشانتو دان دالم فڠيڠة
ساي باڽق ساي برجمفا دڠن مسلمين
درفداورڠ٢ عرب ترکي دان مصر دان
اداله يڠ منجادي امام سمبهيڠ جنازه
السيده ماکوين چڠ ايت اورڠ مصر
نماڽ عبدالله دان ساي ماس ايت
بلاجر فلاجران تڠݢي درفد ممنداساي
عبدالکريم ماکوين جڠ دان فندودق
سزشوان ايت سباڽق 69 ميلون",film
24,1935-03-02,WM,3,https://jawi.sgp1.digitaloceanspaces.com/page_scans/WM-1935-03-02-0003.jpg,"سلف
سئورڠ مودا يڠتياد سنونه
کلاکوانڽ لاݢي فمبوروس يڠ تيڠݢل
دالم سبواه بندر بسر دايروفه تله
مندافت واڠ يڠبرهرݢ ساتو فاون
ددالم کوچيق سلوارڽ مک يڠ دمکين
ايفون فولڠ کرومه فد مالم ايت ستله
مڠهابورکن واڠ ايت دڠن مليهة وايڠ",film
25,1935-03-02,WM,7,https://jawi.sgp1.digitaloceanspaces.com/page_scans/WM-1935-03-02-0007.jpg,"مڠکمرکن
了

اهل٢ سورتخبر ايت سام اد
لاکي٢ اتو فرمفوان٢ يأيت دفيکرکن
کهيدوفن مريکئيت فنوه دڠن
فرݢرقن٢ يڠ ݢمفر فکرجأن
مريکئيت تياداله سام سهاج بهکن
براوبه تيف٢ هاري فد سکالي٢
برريکئيت بوله دهترکن کمان٢ ماس مريکئيت بوله دهترکن کمان٢
چروق عالم اين دمان اف٢ يڠبرلاکو
دسيتوله مريکئية فرݢي جک مريکئية
ددالم فجابت مک برهوبڠله مريکئيت
دڠن فرخبران٢ دان احوال دنيا جک
مريکئيت منچافي جواتن يڠ تڠݢي
مک بوکنڽ سهاج مريکئيت مندافت
بالسن يڠ ليمفه بهکن مريکئيت
دبري فراسأن يڠ تڠݢي سکاليفون
مريکئيت تيادلولس کمرتبة يڠ تڠݢي
مک کهيدوفن مريکئيت تياد سمفيت
بهکن چوکف سمفرن
اينله فيکران٢ دان فنداڠن٢
اورڠ٢ مودابرکنأن دڠن اهل٢ سورت
خبر٢ دان فنوليس٢ يڠ ممبري کأيڠينن
منچافي جواتن سباݢي اهل سورتخبر٢
بݢيتوجو ݢفودا اين مميکرکن
يڠ فکر جأن سور تخبر ايت سنڠ اد دوا
فرکارا يڠ کباڽقکن درفد کيت
مميکرکن يڠ کيت بوله فربواتي
مڠلولاکن وايڠ٢ دان مڠاوسهاکن
فکرجأن سورتخبر باڽله چريتا٢ يڠ
ن سديا دان بݢيتو جوݢ باڽق
فرخبران٢ دسيسي کيت دڠن اين
تنتوله دفيکرکن تياداله فايه فد
تو مڠݢرکن فنتون٢ اتو فبباچ٢ هاڽ
٢ دفيله سهاج مان چريتا دان
٢ فرخبران٢ يڠباݢوس کران فنتون٢
ات فاݢ دلنتا اکد وافک جأن اين",metaphor
26,1935-04-02,WM,1,https://jawi.sgp1.digitaloceanspaces.com/page_scans/WM-1935-04-02-0001.jpg,"فرتنجوقئن وايڠ٢ ݢمبر برچاکف
الله
اين مالم
جون لوويل
دالم ݢمبر يڠبرݢلر
فراون فنمفوه بهيا
Adventure Girl
جريتا سئورڠ فراون يڠ براني
مننتاڠي برباݢي٢ بهيا
فمنداڠن٢ يڠ مڠݢݢرکن
فابيليون
اين مالم
کلوديت کولبرت دان وارن ويليام
دالم ݢمبر يڠبرݢلر
وقتروان کههدوفن
of Life)
lmitation o
The
دڠن نيد سفارکس
روشيل هدسن هني ارمتا
کافيتول اين مالم
ݢمبر يڠ ساڠت مڠݢقکن فراسأن
مننجوقکن کبرانين اورڠ٢ بريتيش
دان طاعة ستيا کفد کراجيفن
فندفوهن بهاا فمنداڠن يڠ انده
فرتنجوقن يڠ مڠݢݢرکن
کهيدوفن عسکر بيڠݢول يڠبرکودا
The Lives of A
Bengal Lancer)
دڠن
ݢيري کوفر فرنچوت تون
ريچارد کرومويل کئلين برک
مونتي بلو دان لاينڽ٢
فتوه دڠن فنداڠن٢ دانديا دڠن",film
27,1935-04-02,WM,3,https://jawi.sgp1.digitaloceanspaces.com/page_scans/WM-1935-04-02-0003.jpg,"کيت
دنکري
حکومن سي برهوتڠ مستي مڠنسور
هوتڠڽ ݢکين٢ باڽق فد سبولن 
جاديڽ دڠن هاتي يڠفانس کلوار درفد
محکمه مڠݢارو٢ کفلا کنا سراتوس
کالي ݢارو دان ݢيليڠ تنتوله

بوکن کچوالى سیبرهوتڠ ايت
تتف سده تأداف٢ جالن بوله
مڠنسور هوتڠڽ ترفولغله تانهڽ ايت
فون کالو برستوجو هوتڠ دڠن نيلاين
هرݢ تانه
2 جالنڽ دي مليلوڠ کمفوڠ
تيف٢ سئورڠ يڠ هندق برهوتڠ
کفداڽ مستيله ملتقکن چݢارن
سورت ݢرانتة تانهڽ سنديري يڠ
بوکن تانه ݢرانية فساک دڠن سندارن
مڠسور هوتڠڽ تيف٢ بولن دڠن
تيمفوه سکين٢ لماڽ دان ممبوات
ساتو سورت کتراڠن هوتڠ دڠن
منتدأي تاڠن لڠسوڠ بهاروله دفرچأيڽ
سي برهوتڠ افبيل دافتواڠ تأبوله نق
چاکف چنتوهڽ اد دوايڠ ݢمبريڠ
دنجوقکن اوله لوري سولوه کماجوان
کمفوڠ جالن فون چنددعوڠ
کهدافن دان هنتق سڤاتو فون لبه
قوات دري بياس تأسدر ماس
برجالن هاري برتبه چيتي فون داتڠ
برربن تري بربيي رنڽمڠ منفاتي جنجي جواب سي برهوتڠ اڤ ٢ التاڽم لاتاڽم
سسفي جمبي جواب سي برهوڠ
اف ايا تولوڠ ايا ساي اين بولن
سوسه نتي لاين بولن سي چيتي
تادي کسيهن فول بري تيمفوه سهڠݢ
ليم انم بولن توجه بولن دان چوکف
تيمفوه سي چيتي مستي ملفس سهاج
وڠا دان فوکوء
داخرڽ چتي بلاوا بچارا دالم
حکمه ددفاتي هوتڠڽ سده برتمبه",film
28,1936-08-08,WM,2,https://jawi.sgp1.digitaloceanspaces.com/page_scans/WM-1936-08-08-0002.jpg,"فرتڠاهن
اسيا
سڠݢهفون ببراف کالي تله
دلاکوکن فرچوبأن هندق ممبونه
فرمفوان يڠتله مڠتواکن مريکئيت
تتافي اي تياد بناس جوا
فرمفوان ايت اياله سئورڠ
فرمفوان يڠتله مننتوة علم دقتور دان
تله منجادي سئورڠ دقتور تسکين
مک مڠتهويله اي بهوايڠ مروسقکن
سئورڠ فرمفوان ايت اياله کران
ککوراڠن کصيحاتن مريکئيت
سبب سنتياس ترکوروڠ
کمدين دادکنڽ بيراف سکوله٢
سرات٢ نݢري سفاي فرمفوان٢
بوله مننتوة علم تيدق سهاج تاهو
توليس منوليس دان ممباچ بهکن علم
کسیلتن توبسريکئيت کسيين
درفدايت دباڠونکن بيراف کيلڠ٢
ممبواة کاين٢ سترا دان کافس دان
جوݢ کيلڠ٢ ممبواه روکو دڠن
فرهوبڠن بکرجسام دمان فرمفوان٢
بوله منچاري کهيدونڽ سديري
دڠن تياد برݢتوڠ کفد تڠݢوڠن
لاکي٢
فد هاري اين بوله کليهاتن
ببراف فرمفوان٢ يڠ تياد برتودڠ
موک بکرج ددالم کيلڠ٢ ايت فد
حالڽ دهولو مريکئيت ساڠتله
طاعتکن عادة يڠ مروSQکن
کصيحانن توبهڽ سنديري
ملک بوليله دفرهانيکن فرايدارن
دنيا فد ماس اين يأيت نݢري٢ يڠ
دهولوسبݢيتوپمبوڽيکن فرمفوان٢ڽ
تله برالڠکه کهدافن دڠن کماجوان
دڠن ممباڠکن سݢل عادة فن بکالا",theatre/opera
29,1936-08-31,WM,6,https://jawi.sgp1.digitaloceanspaces.com/page_scans/WM-1936-08-31-0006.jpg,"فرتنجوڤئن وايڠ٢ ݢمبر برچاکف
کافيتول اين مالم
ديق فاويل روبي کيلر
جيق اوکي جوان بلونديل
هيو هربرة فاول درافر
دان لويس فازيندا
ددالم ݢمبر يڠبرݢلر
کولين
COLLEEN
سوات ݢمبر تاري مناري دان
باين٢ يڠ ساڠة٢ دسوکأي
中华
اين ماله
ورنر اولند
ددالم ݢمبر يڠبرݢلر
چارلي چن دسرکس
Charlie Chan at the Circus
سوات ݢمبر يڠدهمشة دان
مڠݢݢرکن هاتي
اين مالم
فابيليون
سر سيدريک هارويک نوبا فيليم
سيبيل ثورنديک دان جون ميلس
ددالم ݢمبر يڠبرݢر
تودو روس",film
30,1936-10-24,WM,2,https://jawi.sgp1.digitaloceanspaces.com/page_scans/WM-1936-10-24-0002.jpg,"ترلالوله ساڠة تيڠݢي دان فد
فڠهابيسن فرخيماهن ايت مک
حاکم٢ تله مموجي سموا فاسوقکن٢
اتس فرتنجوقنڽ يڠ ساڠة جرݢس
ايت
بهوا فرادوان ايت بوکنڽ سهاج
دکيرا مرکه٢ يڠددفاتي دالماس
فرخيماهن ايت تتافي اياله
جوݢ مرکه٢ يڠددفاتي دالم
فکرجأن منجاݢ اورڠ٢ ساکية
برماين بنديرا دان فرادوان٢ مڽم
يڠتله دادکن دالم تاهون اين دان
مرکه٢ باݢي فرکيرأن فراتوس کران
فڠاکف٢ باݢي درجه يڠفرتام دالم
تيف٢ فاسوقکن تله دمناڠي اوله
فاسوقکن يڠک 32 يأيت ساتو درفد
فاسوقکن يڠ موکيلي باݢي رافلس
اينستيتوشن
فاسوقکن ايت اکن براوله
کحرماتن ممباوا بنديرا٢ دائره ايت
باݢي تاهون يڠبرايکوة فد سݢل
هاري فرباريسن رامي باݢي
فڠاکف٢ سيڠافورا
دفنجاراکن
کران منچوب ممبونه ديري
اوله کران ساي سده توا دان
تياد برداي ساي مموتسکن فيکران
ساي هندق مڠمبيل پاوا ساي
برکات سئورڠ چينا برنام چن لوي
منکلا اي دتوده دددافن فڠاديل
سرمين کران منچوب ممبونه ديريڽ
فݢاوي يڠ منجالنکن فردعوأن تله
ممعلومکن کفدمحکمه بهوايڠدتوده
تله ترجون کدالم سبواه کولم تتافي
کولم ايت تياد براف دالم اورڠ
اکننکن فجلا دادا اينر مڠݢ",puppetry
31,1936-11-09,WM,3,https://jawi.sgp1.digitaloceanspaces.com/page_scans/WM-1936-11-09-0003.jpg,"ايت سمات٢ تربابس سکالي بهکن
ترساله دڠن ترساڠة٢ کجيڽ ايله
فݢڠن يڠ سماچم ايت وله منجاديکن
سسئورڠ ايت مرتد درفد اݢماڽ دان
کسلاهنڽ ايت بچاله سديکية
هوراين کيت سفرت برايکوة
اية ددالم سورة الاعراف ايت
فرمان الله تعالى قالاربنا ظلمنا
انفسنا وان لم تڠفرلنا وترحمتا
لنکونن من الخاسرين ارتيڽ ادم
دان حوا تله برکات ياتوهنکو
همب٢ تله اپياکن ديري٢ همب
دان سکيراڽ تيدق توهنکو
مڠمفونکن دان مڠسيهاني هب
نچاي جاديله همب درفد مريک يڠ
روݢي مک فرسباهن ادم دان حوا
مڠاکوکن تله ممبواة انڽاي اتس
دبري کدوڽ دان جل الله تيدق
امفون دان کسيهاني نسچاي
کدوايڠ روݢي ايت ايله دکات
سبب ماکن بزاد فوهن دشرݢ
سفرت فرمان الله تعالى فلما
ذافا اشجرة بدت لهما سوأتهما
ارتيڽ منکلا کدوا٢ تله مراس
فوهن ايت ترلوجتله فکاين کدواڽ
دان نمفقله عورة٢ کدوا
مک دڠن جالن ايت الله مڠتاکن
ددالم قرأن وعصي ادم ربه فڠوڽ
دان ادم تله مندرهان کفد توهنڽ
مک سمواڽ ايت يڠ سبنرڽ بوکنله
دوسا بݢيمان يڠ براولڠ٢ ددالم
فران دان حديث مڽبوتکن
نبي٢ بردوسا دان برتوبة
منتا امفون دان مناڠيس اتس اف٢
يڠ مريکئيت تله لاکوکن تتافي",metaphor
32,1936-12-21,WM,2,https://jawi.sgp1.digitaloceanspaces.com/page_scans/WM-1936-12-21-0002.jpg,"بوسة سورج دست بهمن سورم
لاکي٢ يڠ سده ماسق سرت ماهر
ددالم کهيدوفن فرجلانن دنيا
مک براولڠ٢ بݢندا٢ برتيه
جک اي براغکة فرݢي سوکاله اي
فرݢي دڠن کمليأن دان سوکاله
اي فرݢي دڠن تياد ميسهکن
منتري٢ دان رعية٢ڽ دان جوݢ
ممودهکن فادک ادنداڽ
فد
منايقکي تخت کراجأن
مک برکات توان بولدوين بهوا
بݢندا تله مپتاکن کفداڽ بهوا
بݢنداتياد بوله مڠڠکتکن کبراتن
ببانن منجادي راج ايت تيدق دڠن
فرتولڠن سئورڠ فرمفوان دسييڽ
فد اخر اوجافڽ برکات توان
بولدوين کمدين درفد کسواڽ ادله
کيت فنجاݢ کادأن ديموقرا طد دالم
فوايڠ کچل اين اوله سبب ايت
هندقله کيت مليهة تڠݢوڠن کيت
ايت سفاي ممليهراکن فرککالن
فرديرين قوم راج کيت مک ايتوله
سهاج تالي فرتمباتن ايمفاير دان
فڠاول کبيلاسن کيت ماريله کيت
ممندڠکن کهدافن دان ايڠة نݢري
کيت دان کفرچيأن يڠدسرهکن
اولنݢري کيت ددالم مجلس مشوارة
اورڠرامي اين دان ماريله کيت
برهيمفون برامي٢ دکليليڠ راج
يڠبهارو سرت منولڠڽ دان اف٢
کروݢين يڠ هاروس نݢري تله
3
11
تله تڠݢوڠکن ايت اياله کيت
برهارف دفوليهکن سمولا
سرت تيدق فوتس کيت بکرج
فد منچوبأي ممبواة اکندي جادي
سه سبواه نݢري يڠ لبه بايلک باݢي",metaphor
33,1937-02-18,WM,1,https://jawi.sgp1.digitaloceanspaces.com/page_scans/WM-1937-02-18-0001.jpg,"کريتاسولوه کاجوان
کهيدوفن کمفوڠ
درفد فنوليس خاص کيت
کريتا سولاوه کماجوان کهيدوفن
کمفوڠ تله داتڠ ککوالا کڠسرفد
37 10 دان فد فتڠڽ تله مڠادکن
شرح داتس حال سݢل کهيدوفن
سفرت ممبلا ايم ايتيق دان
برکبون دان سأمفماڽ شراحن ايت
تله دادکن درونه محکمه کمدين
فد مالمڽ تله دنجوقکن وايڠ
ݢمبرڽ دري فد فوکل 30 7 هڠݢ
فوکل 10 دان جوݢ کفد بيسوق
مالڽ يأيت مالم جمعة 37 2 11
تلهدتنجوقکن لاݢي وايڠ ݢمبر ايت
بابق چريتا يڠ ممبري کسن کفد
فنتون اياله برکنأن دڠن حال
کهيدوفن تله دنجوقکن فڠهولو٢
دان کتوا٢ حاضر برسام٢ فد تيف٢
کتيک يڠترسبوة
چينا ممبطلکن فرجنجين٢ڽ
دڠن جفون
شيڠهاي فيبرواري 18
وکيل٢ باݢي ججاهن٢ کواڠسي
شينسي دان کنسو برساتو
منچادڠکن سفاي مجلس فرسيداڠن
کومنتيڠ يڠاد فد ماس اين سدڠ
برمشوارة دننکيڠ مڠمبيل اڠکاهن
دڠن سرتمرت فد ممبطلکن سݢل
سورة٢ فرجنجين يڠتله دمتريکن
اوله کراجأن چينا دڠن کراجأن
جفون يأيت يڠ منجاتوهکن مروءدچينا
سمنجق ننتراجفون تله مندودقکي
بدر مقدين فد 18 سفتمبر 1931",film
34,1937-04-17,WM,2,https://jawi.sgp1.digitaloceanspaces.com/page_scans/WM-1937-04-17-0002.jpg,"خميس 13 مي
دانتارا فوکل 1230 تڠهمالم دڠن
فوکل 2 فاݢي  راديو دري اڠݢلند مڠهيبهکن فرسمباهن٢ رعية کفد
بين تله بݢندا کفد رعية
فوکل 8 فاݢي  1 تڠهاري
کرافين کانق٢ سکوله دفڠݢوڠ٢
وايڠ کاڤيتول دان الحمرا
دانتارا فوکل 9 فاݢي دڠن 3 فتڠ
راديو برکنأن دڠن فرسباهن تمظيم
رعية کفد بݢندا دان تيته بݢندا
کفد رعية سرت جوݢ فريحال
فرارقکن بݢندا
فد اول فتڠ فرارقکن سمات٢ قوم
ملايو اکن برهيمفون دان برارق
ددالم بندر جالن٢ڽاکن دظهرکن
کمدين
فد وقت مالم فرارقکن تڠلوڠ قوم
چينا جالن٢ڽ اکن دظاهرکن
مک فرارقکن اين بوله دايکوتي اوله
فرارقکن قوم٢ يڠ لين يڠ سوک
برسکوتو دان مڠبيل بهاݢين
اداله دفهمکن کساتوان اوتومобиль
باݢي ملايا برجادڠ هندق
مڠادکن فاراقکن موتورکار٢
يڠدهياسي دان اکن برسکوتو
ددالم فرارقکن تڠلوڠ ايت
جمعة 14 مي
فوکل 8 فاݢي  1 تڠهاري کراعين
کانق٢ دفڠݢوڠ٢ وايڠ کافيتول دان
الحمرا
فوکل 515 فتڠ فرهمفونن بليا٢
يڠدجالنکن اوله مريد٢ سکوله
اڠݢريس لاکي٢ دان فرمفوان دباوه
رعاله توان مڠتر اوتام ݢنور دان",theatre/opera
35,1937-04-17,WM,2,https://jawi.sgp1.digitaloceanspaces.com/page_scans/WM-1937-04-17-0002.jpg,"اين دهيهکن دڠن راديو
فوکل 9.30 مالم مجلس تاري
مناري اوله توان يڠتراوتام ݢبرنور
دان ليدي طومس درومه کراجأن
جمعة 17 مي
فوکل 30 7 باريسن بليا٢ سيڠافورا
دهدافن رومه کراجأن يأيت
کديةس سکاوة اݢل ݢأيد بويس
بريݢية وولسکف عن براونيس
توان يڠتراوتام دان ليدي طومس
اکن منريما کحرماتن مريکئيت
کمدين مريکنيت براڠکة کݢيف
کران فرماينن دان مينومن
سوات فاراقکن يڠداتورکن اوله
قوم اسلام عام اکن برهيمفون فد فتڠ
ايت دان برجالن ددالم بندر جالن٢
اکن دپتاکن کمدين
فوکل 5 فتڠ جموان تيه اوله جماعه
بندارن دفجابتڽ دان دهدافن
فجابتڽ دهارفکن فنجراݢم فوليس
اکن حاضر فاراقکن قوم اسلام
ايت اکن ملالوءي سن ة اندرو رود
دالماس جموان جماعه بندارن ايت
ثلاث 18 مي
فوکل 8 فاݢي  تڠهاري کراءين
کانق٢ سکوله دفڠݢوڠ وايڠ کافيتول
دانالحمرا
فوکل 6 فتڠ فنچراݢم فاسوقکن٢
عسکر دفادڠ بين
لاين٢ فرکيرأن
نظر٢ رومه سمبهيڠ چيتي تله
مڽتاکن کهندق مريکئيت اکن
ممبري ماکن دڠن فرچوم کفد اورڠ٢
مسکن",film
36,1937-09-25,WM,3,https://jawi.sgp1.digitaloceanspaces.com/page_scans/WM-1937-09-25-0003.jpg,"دنسئيف
کافيتول
اين مالم
مالم فڠهابينن
فيلم کوميدي هيبوران يڠتربيلڠ دان
ججرلڠ مننجوقکن فمنداڠن کمونچق
اݢونڠ الفس دليفوتي اوله ثناج يڠ
ديڠين لاکوان
ساي جمفا دي دفاريس
I Met Him At Paris
اين مال
فابيليون
مالم فڠهابيسن
فيلم هيبوران فڠليفور لارا
يڠ ممباوا ݢلق دان ترتاوا
لاکوان
جݢاله تمفة دودق توان
Keep Your Seats Please
اين مال
لحمرا
مالم فڠهابينن
فيلم منچراکن رواية
فربونهن يڠدهشة
لاکوان
مالم يڠ فنجڠ سکالي
The Longest Night
هيفي ورلد ليتيد
هيني کباري  فناري٢ يڠ روفاون
دان فنچراݢم بوب هيل يڠ مردو
ساره بڠساون ـ وايڠ چينا ـ فيلم
سوارا دان واڠ جاوا دمڠݢوڠ دي
دادکن تيف٢ مالم
تارين مولأي دري فوکل 6 مالم
هڠݢ تڠهمالم
هيفي ثياتر
فوکل 7.15 دان 9.30
فرادوان کرونجوڠ دان ستمبول
باݢي فڽاڽي٢ يڠ ماکن ݢاجي اکن
دادکن هديه٢ اکن دبهاݢيکن
فاسوقکن فنچراݢم بودق٢ نيݢرو
اکن بوماين قد مالم 1 اكتوبر",film
37,1937-10-28,WM,2,https://jawi.sgp1.digitaloceanspaces.com/page_scans/WM-1937-10-28-0002.jpg,"يڠ باڽق دان تله مروايتکنڽ سبأڽق
25 صحابة دڠن حديث٢ يڠ صحح
دان قوة دان اينله بيلاڠن مريکئيت
1) ابو هريره رضي الله عنه تله
مروايتکندي البخاري  مسلم 
الامام احمد  الترمذي  ابو داود
ابن ماجه ـ البيهاقي ـ الطياليسي ـ
ابو سعيد النقش ـ ابو نعيم ـ ابن
ابي شيبه دان ابن سمد 2 توبان
رضي الله عنه تله مرويتکنڽ احمد
دان الظياء 3 جابر بن عبد الله رضى
الله عنه تله مروايتکنڽ احمدبن سلم
٤ جبير بن نفير تله مروايتکنڽ
الحکيم  الترمذي دان الحاکم 5
مجع بن جريه رضي الله عنه تله
مروايڠکنڽ احمد دان الثرمذي 6
اوس بن اوس رضي الله عنه تله
مروايتکنڽ الطبراني 7 عروه بن روم
رضي الله عه تله مروايتکنڽ ابو نعمه
8) انس بن مالک رضي الله عنه
تله مروابتکنڽ اين خزبه دان الحاکم
9) ابن عمر رضي الله عنهما تله
مريويتکنڽ الحاکم دان ابن ابي شيبه
10) نائع بن کيسان تله مروايتکنڽ
تمام دان ابن عساکر 11 ابن مسعود
رضي الله عنه تله مروايتکنڽ احمد
ابن ماجه ـ الحاکم دان ابن عساکر
12  ءاڽمه  ررضي الله عنها تله
مرويتکنڽ احمد دان ابن عساکر
13 ) ابن عباس رضي الله عنهما تله
مروايتکنڽ الفريابي عبد بن حميد
الحاکم ـ اسحق بن بشر دان ابن
جبرير 14 النواس بن سمعان رضى
الله عنه تله مروايتکنڽ مسلم  ابن
ماجه دان ابن عساکر 15 عثمان
بن ابي العاص رضي الله عنه تله
مروايتکنڽ احمد دان الطبراني 16
عبدالله بن مففل رضي الله عنه تله
مروايتکنڽ الطعاني دالن منجيڽ",theatre/opera
38,1938-03-01,WM,1,https://jawi.sgp1.digitaloceanspaces.com/page_scans/WM-1938-03-01-0001.jpg,"
10
ايت باکي هيبوران هيدوف
تيله کيت سلالو برجرمين
رکارا٢ يڠبرلاکو دهدافن
ليت يأيت جکلو سوسه
رڠڠ لبه سوسه درفد
 جکلو کيت دوکچيت
اد اورڠيڠ لبه دوکچيت
کيت دمکينله تيف٢ فرکارا
کو فد تيف٢ دري سسورڠ
کنله بوله دهيتوڠکن دياله
سهاج يڠ ترکن سباݢي ايت
اد لاين اورڠ جوݢ يڠتله
ڠ سفرت ايت اتو لبه لاݢي
ف٢ فرکارا دعالم اين سلالو
ن يڠني سونه لاونڽ سنڠ دان
دوکچيت لاونڽ سوکچيت
بوليهله دکتاکن سئورڠ يڠ
ب ددالم لورڠ يڠ کلف کليا
بد سوات ماس اي اکن منفوه
يڠ فيترڠ دان سلالو فاته
کن هايس کنلف ترية ترڠ
ترساڠة بنر براني منتڠ سوسه
تنڠ دان صبرايت اياله سبايک٢
کفد سکل مأنسي يڠبرهمه دان
کماهوان ايت
وده لله تلهت تکن
ن هيوران يڠ مشهور
بسر کمفوڠ کافور
دبوک فد تيف٢ مالم
دانڠ مڠهيبورکن هاتي  کباري
مناري وايڠ بڠساون وايڠ٢ جينا کودا فوسبڠ
تا افي هتو دان کنايککن يهبرنام
نايک کبولن",theatre/opera
39,1938-05-27,WM,4,https://jawi.sgp1.digitaloceanspaces.com/page_scans/WM-1938-05-27-0004.jpg,"
ميدان فرسوراتن بهاس ملابو
سمبوڠن درفد موک+
了
8
حساب سبواه جيومتري علم الهندسة
سبواه تنامن٢ اد لين٢ ددباکن
تأ دافة دچف کران برحليسية فهم انتارا
4
اورڠ٢ يڠ منيمبڠݢنڽ تتافي کيت ماهو

کارڠن درفد اوسها اورڠ٢ ملايو
ة
سنديري تيدق چمفور تيمباڠن دان بلنجا

فوتيه اتو کراجأنر  صحابة فيناله فاتوة

اورڠ مڠاوسهاکنڽ
q
7 تواڠ٢ چف دان کدي٢

کتاب ملايو
5
32 تيدق اد اف٢ چاکف ملينکن
مڠتاکن کباڽقکنن کچيل٢ لاݢي
توݢڠ چف سموا سده مماکي حروف
تيمه تيادچف بانو لاݢي سفرت
دهولو تتافي بلوم اد ممفو بأي الة
کلڤکافن بسرانوبوله منچف مفي 6 ادان
32 موک ساو کورس سفرت ݢودڠ٢
جف اورڠتوتيه ترڤقسا دوا٢ هلي
برفاکو انو برچوچق بنڠ باڽق اله
چف  فمباچ٢ فرون بلوم اد يڠ
ماهر اتو ککوراڠن اورڠ  هرݢ
مانيه مهل حبب تيدق اد يڠدچف باڽق
تاد اورڠ ممبلي  ملاو سمنجوڠ
تارامي استميوايڠ ݢمرکن سورة٢
33 کدي٢ کتاب فون بݢيتو 
سݢل جنس کتاب٢ حکاة٢ بهارو
سورتخبر مجله ملايو دان کتاب٢
عرب اد دجوال حکاية٢ ملابو
لام دان شعرڽ تياد دنفاني
لاݢي  Jarڠ٢ يڠاد دچف بهارو
چبتکن لام چف بانو تياد لاݢي 
تتفرهک مکو٢ خان حکاکة ات",film
40,1938-05-27,WM,2,https://jawi.sgp1.digitaloceanspaces.com/page_scans/WM-1938-05-27-0002.jpg,"کفد اورڠ ملايو تياد فصل راج٢
فتي٢ ديوا٢ کياغن لاݢي 
کباڽقکن بلوم اد حکاية بسر٢ سفرت
بستمام اندرا مڠندرا دان سباݢيڽ يڠ
فد بهاݢين لام تادي بلوم اد يڠ
سده مشهور سکيرا٢ اکن بوله ککل
دبواة زمان جادي فاک دالم بهاس
ملايو هفک ببراف لام سفرت حکاية٢
لام ايت  کچوالي اݢن چربتا٢
کارڠن المرحوم سيد شيخ الهادي
17 کارڠن ٢ چريتا دان لاينڽ٢ نڠ
مڠݢمبرکن حال احوال ملايو جاتي
دکمفوڠ٢ بوله دکتاکن بلوم اد
مان يڠ اد سديکية٢ حال ملايو ددالن
اياله حال ملايو بندر يڠتله باڽق
جادي کلچوقکن کادأنڽ  تيدق
فول اد يڠ بر٢ حکايتڽ  کالو
دبواة بسر تأ لاکو تأ تربي اوه
اورڠملايو منچن ماهل فارڠ دان
توݢڠ چف سکارڠ مڠلوارکنڽ کباڽقکن
دڠن توجوان منچاري واڠ  بوکن
سنرت فارڠ٢ اتو فڽالين٢ زمان
دهولو  کمفولن فنتون٢ دان
فرامفمأن يڠبهارو دسورتکن ايت
ترماسوق بهاݢين لام
18 ايسڽ کارڠن٢ بهارو اين
کباپةکن حال برکاسيه٢ دان عاثق
معشوق سهاج  تيدق باڽ فڠاجران
يڠبوله ممبري بکس ددالمڽ  تيدق
اد ݢاي کارڠن چنتيق يڠبوله مناريق
هاتي کارڠن٢ رنچان Essays
يڠدبوکوکن بلوم اد بݢيتو فول
چريتا٢ يڠدانورکن سچارا لاکونن
وايڠ بݢيمان باڽ ددفاتي",puppetry
41,1939-11-20,WM,2,https://jawi.sgp1.digitaloceanspaces.com/page_scans/WM-1939-11-20-0002.jpg,"لوريدور ججافن مروسي فرالس
ايت مستي ککل دان بهواسن
ججاهن يڠته درمفن ايت تياد مستي
دبنرکن سفاي دسرهکن سمولا دان
بهواسن هندقله دتݢه مارسيل س
ايت دسرهکن سمولا کفد فرانس
هر هيتلر برکات لاݢي بهواتياد
,
بوله ترلينتس فد فيکرانڽ بهوا جرمني

سيڠيابرڤڠ ملاون فرانس کران سبب
ايت دان سنڠݢوهڽ جرمني مڠربانکن
ججاهن السيس  لورين ايت اياله
کران منجاوهکن درفد برلا کرلاݢي
تومنه داره  اف جوايڠ توان
توليس ددالمسورة توان ايت ساي فهم
دان ساي جوݢ براس سفرت توان
عيم دلاديار تتافي تواڠ افاله
کيراڽ توان فيم جوݢ يأيت
مستحيله باݢي ساتو اومة يڠبرحرمة
مڠرانکن دوا مليون اورڠ دان
مرهاتيکن مريکئيت دسغارا ددالم
سبفادن٢ مريکئيت سندري
يڠدمکين ساي تله مڠموکاکن
سوات تنتوتن يڠ ڽات بهوا دنزبک
دان کوريدور يأيت سبواه ججاهن
a
دباوه فرنتاهن فولند فد ماس اين يڠ
مناسيڠکن فراڤيا تيمور دڠن نݢري
جرمني ايت مستي درهکن سمولا
کفد جرمني
کادأن٢ افي ددالم سکم دسمفادن٢
تيمورکيت ايت مستيله دفافوسکن
دڠن برسندرکن فرکاولن درفد
اکوان دانطامن يڠدفرکننکن کفداڽ
اداله فولند مڽنک دبيريڽ ايت کبل
دان ساي تياد نمفق سوات جالن
يڠبوله مموجق فولد ايت سفاي مپمبوة
سا سوات فرسلأين دڠن امن تتفي",metaphor
42,1940-03-26,WM,2,https://jawi.sgp1.digitaloceanspaces.com/page_scans/WM-1940-03-26-0002.jpg,"سان کات مو تمن الاجي بايت الطيوري
91

فمبوهڠ اکنتافي دمکين ايت تله دتولق
اوله الحافظ الذهبي دان الحافظ الذهبي
ji
ايت تله برکات بائيت سئورڠ فون تيدق
ملا
منوليه کفد اف٢ بڠتله دکات اوله
دا
الساج ايت درابت جادي برسيهله اي دالم
دا
اف٢ بڠاي تله باوا ددالم رواية ايت
5
丁
دان بارڠکالي سئورڠ درفد راوي٢
تله مروايتکن درفد مريکئيت يڠاي
d
ايت دتوده ممبواة حديث موضوع انو
了
اي ساڠة نعبنف دالم روايڠڽ
دک
0
ساڽ الحافظ السمعاني تله مموجي٢
الطيوري کات الحافظ ابن حجر
مڽالين درفدالسمعاني ياميث اداله موکنن
الساجي کورڠ بايک فنداتن برکناڽن
دڠن دي الطبور ايت دان اداله اي
الاجي دڠن تروسڠرڠ منستا دي
الطيوري بردنا 
ساي تيدق
کات اين حجر اين
لبهة سئورڠ فون درفد کورو٢ کامي
يڠتکفرچيأن برسنوجو دڠن دي
برمتنوجو دڠن الساجي تنڠ مندستاکن",puppetry
43,1940-03-28,WM,2,https://jawi.sgp1.digitaloceanspaces.com/page_scans/WM-1940-03-28-0002.jpg,"فله وکئن خاصت ورت ملايو
7
دانارا راوي٢ حديث مضمخ
نا ادڠ سالين بڠدڠڽ اي تله منيفر
للمبن دان دڠن اي تله مپبارکن دستا
الرسول الله صلى الله عليه وسلم
ت اibalه سليمان بن مرفاع الجندعي
فرکامن دڠڽ کات العقيي سلبمان
لمرفاع ايت منکر حديثڽ دان
عاظن حجر تله سبوتکن باݢي
واحدڽ ساله ساتوڽ حديڽ بس يڠنله
بارکن اوله اثنیچ خالمین کمدين
ان حجر برگکن کدواڽ٢
کدوا٢ حدبڽ ابت منکر دان تياد
ابکوة نس کدواڽ٢ کدوا حدبڽ اين
بلق دمشجؤي اواه اهل٢ حدبڽ دان
ددوڽ٢ تيدق دکنهوي اورڠ ملينکن
ڠ فمباواENN دي سليمان بن مرفاغ
in)
کات الحانظ الخطب بهوا محمد بن
بدفربکاحديث موضوع لاذي فندستا يڠ
دهولو سبوتن فريحالڽ ايت تله
نجوري حدبڠ الکيڠ سالمبن
مثبوة درفد محمد بن عبد الرحمن
جدعني لالو اي تله چناکن دي دان
انورکن اسناد يڠر سبوة دهولو اين
الالم روايڠڽ يڠنله دسبوتکن اوله
احاظ الغطيب ددالم تاربڠن اد
لباهن لاڤي س瓦هڽ٢ سي فمبوڠ ايت
اکن هاري سماکين برنمبه٢ حدبڠڽ
اڠن تمباهن٢ بهارو ياءبت کنأن تعم
فاجها بخيري الدنيا والاخرة ونکابد
ک بلوء الدنيا وندفع عنه اهاويل
اخرة وندعي القاضية الدافعة تدفع
ن استجبها کل سؤو نتفضي له کل حاجة 
تله ترسبار ترجمه ملابوڽ ايت
العافظ ابن الحوزي سئله مپبوتکن
واية سلمان بن سرفاع دان العدعان",puppetry
44,1940-04-02,WM,1,https://jawi.sgp1.digitaloceanspaces.com/page_scans/WM-1940-04-02-0001.jpg,"تودهن ممبري کپتاں بوهڠ
فرچارأن ابل ايف فرندو سنورڠ
سبنهايس يڠ منجادي توکڠ داڠ دان
کراني ݢدوود فارک هوتيل تله دتر وسکن
لاأي سمالم ددالم محلمه نرمسبڠافورا
ابل ايف فرندو ايت برعمر 38
تاهون اي تله دتوده ممبواة سوات
ادوان بوهڠ کمد فيهن فوليس دڠن
مڽناکن يات سئورڠ چينا تله
چيرڠ اکندي دان تله مپلوڠکر
ڤي بسي ددله فجابة هونبل اين
ککر اڠن تله دبري اوله سڠبرڠ برنام
محمود يڠ بکرچ دهمتبل اين محمود تله مڽاکن باءبن کرفکالي فرندب اين
تله برکفچقکن واغ دان فد
سوات ماس تله برکات کفداڽ
يأيت جکلو اي مندافة فلواڠ باکي
مڠفا اولي باڽق واڠ مک اي اکن
مڠهنتر انق بينڽ بالک کئنديا دڠن تياد
مڠاندهکن اف اکن جادي کنداڽ
فوند٠ه
سئورڠ ملاين يڠ بکرج دهونيل
اين تله ممبري کنراغن جوݢ دڠن
مپتک يأبن فد مالم دن فبرواري
تکل فرندو مپناکن برلاکو رومنق
ايت اي تله مليهة فرندو برلاري دري
اره بيلقن کفجابة يڠده تيل ايت
سئله دفنور نن کيم سوي سئورڠ
فݢوي فرهوبانن دري رومهاکية بر
ممب يکتراڠ برکاءن دڠ سوات تندا
برݢربس دبفي کيري فرندو مک
فددڠارن باݢي فرکاراين تله دنڠݢوهکن
لاڽي هنݢ 8 افربل
、
درلد
قتو ماسوق جالن بر دان سرڠکون
رود تامن هيوران يتربرر دان ز扭ا
دملايا کران 10 سين يارن ماسوق
توان بوله مليبة فرچوم وايڠ ٧ کمبر
برچاکف روڠݢيڠ بنشاون
فرباڠن عجائب وايڠ شڠاي دان
برباݢي٢ فرتجوتن هيوران
دان
فرماينن کربتا انتو
سن نوکن کريند نايفر دانساکر
داݢله ملاوة کاري يڠ برعوا ينن د",film
45,1940-04-03,WM,2,https://jawi.sgp1.digitaloceanspaces.com/page_scans/WM-1940-04-03-0002.jpg,"هيفو ذل لا طنتيکن
هني کاري فرادوان تاريناري
سبڠافورا ملاون سلاڠور هيڠي تيانر
لاکوان مينس هبرنيج
سيا بد توکير لاکوان ݢولوفڠ
ݢوس ة نڠݢ 1 هڠݢ 6  ݢلوري
نياتر لاکوان کيڠن شيطان
دسرنائي دڠن برباݢ٢ فرنجوڤڠن
وايڠ٢ بڠاون دانلاين لاݢي
کچور بن انس بببکل٢
ددالم مڠݢر يڠلالو تيدق کورڠ
درفد دلافن بلس بواه بيبکل
دکناکن تله کچورين درفد بيراف
جالن٢ دان اورڠ٢ دالم نݢري
اين اينله بيلاڠن کچورين بسيکل يڠ
تيڠکي ددالم ببراف ميڠݢو بهارو٢ اين
امفة درفد نيبکل٢ ايت تله سده
دجمفاڽي
فيلق فوليس داتي حال اين بوسه
هندق مڽرکف فنچوري٢ ايت دڠن
تيدق بکرجساء دعن تونفون٢ بببکل
سندبري بسبکل٢ بڠ دتيڠݢلکن
دمان٢ دڠن تيدق برجاݢ الوڤين
سکجد مستيله دکونچي بابک٢ دڠن
16",puppetry
46,1940-05-09,WM,2,https://jawi.sgp1.digitaloceanspaces.com/page_scans/WM-1940-05-09-0002.jpg,"تله منماکن تفسيرڽ ايت الدر المنثور
في التفسير بالماءتور ارتي الماءتور ايت
ايبالهاف٢ يڠترسوا ياءبت باراتي منقلکن
دڠن جالن رواية دراين تله جادي لازمله
اي منداتڠکن سموا ف بڠنله دروايتکن
بايک صحيج انو ستيم اوله کران اين اي
تله تقلکن رواية حدبڽ نحس درفد
تقبر اين مردبه دان اي فون
برديم سفرڠݢن ايت اباله کران
مکوصودڽ مندانئکن تيف٢ بڠتله دروايڠکن
اکنتافي اي ددالم کتاب العضوعات
تله منداتڠکنڽ برکاڽن دڠن تنسير اين
مردويه درفدليم رواية دان تله دجاچنکن
ايت کسمواڽ دڠن ساتو لفس ساتو
بچاله ورت ملايا
برباي٢ فرخبران اد ددالمڽ",puppetry
47,1940-05-09,WM,2,https://jawi.sgp1.digitaloceanspaces.com/page_scans/WM-1940-05-09-0002.jpg,"三个人在唱歌
ورلد
نيو
فتو ماسوق جالن بسر دان سرڠکون
رود تامن هيوران بتربسر دان ترتوا
دملايا کران 10 سين يارن ماسوق
توان بوله مليه فرچوم وايڠ٢ کمبر
برچاکف روڠکيڠ بشاون
فرباڠن عجائب وايڠ شڠهاي دان
برباݢي٢ فرتجوڤڽ هيوران دان
فريماينن کريتا هنتو
سن توکين، ݢيند نيتر انباݢين
داتله ملاوة کاري يڠ برحوا دبنين
دان سعة غ ترسر دتبور",film
48,1940-08-06,WM,1,https://jawi.sgp1.digitaloceanspaces.com/page_scans/WM-1940-08-06-0001.jpg,"سرفه من ذلک الپبخ الواضع وقد
اخط من ذکره من المفسرين في تفسيره
کانڠلي والواحدي والزمحشي
والبيڠاوي فال العرادي لکن
من ايرز اسناده منهم کلاولين فهوا
ابط لعذر اذا احال ناظره على الكشف
عن سنده واما من لم يبرز سنده اورد
بصيجة الجزم فنجطوء الفعث
ملابوڽ کيرا٢ دمکينـ
سڠه درفدحبث مۇخوچ ايت اياله بڠ
دروايڠکن درفداني بن کعب مرفوع دالم
کلبين فراين ساتو فرساتو سوره دري
اول هنݢ اخرڽ مک کامي تله روايکن
درفد المؤمل بن اسعيل کتأن تله
دچراکن کفد ساي ارله مئورڠ شبڠ
فداڽ مک ساي برکات ککد شخ اين 
سباف تله جراکن کد توان٢
مک کان  مئورڠ للاکي دالمدائرن
دان اي لاڽي هبدونف لالو ساي
تله فرݢي کنداڽ مک ساي برکات 
سباف تله چنراکن کد نوان مک
کتان  نله دچراک کلد ساپه اوله
منورڠ شاخ دعبادان لالو ساي فري
کهداڽ مک اي فمنين تاڠن ساي لالو
دباواڽ ماسوق کبواه رونه مک تيا٢
ددالمڽ ايت اد ستوم درفد اهل تصوف
دان سرت مريکئيکن مڠورڠ شبڠ لالر
اي شيخ دعبادان تادي برکان 
شبخ اينله تله چتراکن کفد ساي لالو
ساي برکات  با شبخ سباف تله چتارن
کد توان مک اي برکات  تيدق
دچناکن کد ساي اوله سئورڠ فون
اکنتتافي کامي تله مليهة مأنسي تيدق
ثمرکن فراڤن لاݢي لالو کامي ريبکاکن
انتوق مريکئيت حديث اين سفاي
مريکنيد فالڠکن حانو٢ مريکئي
کفد قرا٩ن
الحانظ البيولي
کان ساي 0
اي تيدق جمفا مناکن شبخ اين
ملبنکن اين الجوزي تله مباواڽ کدالم
لمجووعات دري جالن بزبڠ اين حبان
درفدعلي بن زبد بن جدعان دان عطاء بن
اي بيمرنة درفد زر بن جيڤ درفد اين",theatre/opera
49,1940-08-21,WM,1,https://jawi.sgp1.digitaloceanspaces.com/page_scans/WM-1940-08-21-0001.jpg,"
ملايو
ن
ڠݢکن
Commitment
انجاتامين
Surety
چݢارن 6
Security
اکوان
Guarantee
جامن
بکران
نݢوران فيکران فربحان دان
چداغن برکاڽ دڠن کفونن اين نياداله
دکهندقکي دبارن داخبر٢ تتافي
دعارفکن دکيررم کفد مجله ملگاکن
فرسوراتن اين سفاي دباوا تدالم
مشوراتڽ
三个人在唱歌
ورنک
نيو
نتوماسوق جالن بر دان سرڠکون
رود تمن هيوران يتربر دان نرفا
دملايا کران 10 سين يارن ماسوق
توان بوله مليهة فرچوم وايڠ٢ کمبر
برچاکف روڠکينڠ بناون
ترباڠن عجائب وايڠ شينهاي دان
برباݢي٢ فرتجوتن هيوران دان
فراينن کريتاهتو
سن توکن کرڠد نينڽ دانباݢين
داتله ملاوة کاري يڠ زبر برحوا
دان سحَيڠ تربسر دنيور
مک تکانن درت ملايا
تيک بولن
$750
انم بولن
$15 00
53000
ستاهون
هرݢ منسڠه 10 سين",film
50,1940-08-30,WM,1,https://jawi.sgp1.digitaloceanspaces.com/page_scans/WM-1940-08-30-0001.jpg,"بيت واجب
اکفد اورڠ بڠدمکن اين مک ماربله کيک
برجالن هنݢ سمڤي کتد ملصود برخطبه
يڠن سبارڠ بهاس يڠبوله دهمکن اوله
اورڠ٢ بڠ کفد مريکئين دهالا کن خطبه
ابن سفاي مريکئي بوله مندفة لهم
دان برفيکر٢ منورة اف٢ تهم درلد
فدءارنڽ اياله درفد فرمان اڠ دان
سبدا رسولڽ درابت بيرله مربک يڠاد
سوات فراسان مڠتاکن بده سة
کبن تاؤوه 三ادوه کران جکو تيڠ
اندمکن نچاي سوات کامواخ اسلام
يڠترلاوامة برايت اکن جيڠ
اورڠرامي اکن نياد مڠتهوي اد
يڠ سده دتورنکن اڠ باڽ مصلحة
دان مننفة مريکئن دراڤن
لمکلماتنڽ مريکئڽ اکن جادي
ماکين برنمبه٢ يڠوڠ سفرن
سئرڠ هيدوف دعتياد فدومن دان
کساهنڽ عالم اسلامي بڠرکو
مڠلوارکن ماءني دراد لمبه
کهناں ايث اکن منجادي ݢوڠ
توداڽ دان فراوسهاڽ شبط ه
سبݢihan بيراف بابق درلد
اورڠمدا٢ تبڽ تله ددراغي اوله
نڽڠکه دان فراغي کبارنن اپ دان اد
فول يڠبرهݢڠ چارا فواق دهريه
سليمان احمدلي
、
ورلد
نيو
تتو ماسوق جالن ببر دان سرڠکون
رود تان هيوران بتربرس دان نتوا
دسلايا کران 10 سين يارن ماسوق
توان بوله مليهة فرچوم وايڠ٢ ݢبر
برچاکف روڠکيڠ بڠاون
ترباڠن سجائب واڠ شينهاي فان
براݢي ٢ فرتجوتن هيوران مان
فربابن کريتا هتو
سن توکين گريند ڤائر دانباݢين
داکله ملاوة کاري يڠ زبر برهوا
دان سنئڠ تربردنپور",film
51,1940-09-13,WM,3,https://jawi.sgp1.digitaloceanspaces.com/page_scans/WM-1940-09-13-0003.jpg,"ربک بݢينو جوݢ فرمان اڠه ان
امر افه ممناها باتي امر افه اکر
دانڠ فکر جاهن اينه هاري قيامة
فندأن ددالم القران دان بهاس عرب بڠ
ساتمفام اين ترلمفوامة باپق دسبوة دعر
لعل ماضي معناه مضارع ککران مننجوقکر
فرکارا ايت متي جادي
تتالي اوله کران القراءن ايت کتاب
ته ددالم بهاس عرب فول جاديله
موز غلام احمدالخيب، رئيس الدجالين
دان فپوکڠن٢ تراوتماڽ بڠدسيڠافورا
يڠ کباڽقکنن اورڠ٢ فولو بي
کدي کوني دان منجاري کمصلحانن
دنيا تيدق مڠنومه اف ارني دان نوجوانڽ
يڠبتول مک بنرله فرمان افق دالم الفراين
منچريتاکن حال اورڠ٢ يڠ جاڠام مرزا
دان نشيکونڽ٢ دواما نزين في قلوبهمز خ
لبنبعون ما تشابه منه اينغا الفننة
وايڠا تاوبله متصودڽ دان ادفون
اورڠ٢ يڠ ددالم هاتي مريک مڠݢلنچوڠ
درلد حق مک مرك ايبکوة اف٢ بڠ
کمارڽ دزلداڽ کران برکاوندqiکن
نته دان برکهندق منرعکنن منورة ها
فتو مريکة 
کاث سلبمان احمدی 41 بو کیة
کودا رود  کلگ 4 مبرسيهکن فدريڽ
مرزا يڠبرݢات دالم کابڽ اينة تصالات
موک 124 دان ختقة الواحي موک 99
اکو لبه ملبادر للد نبي محمد ص نيدقکه
جوتف دڠن اوجي حفنة مرزا کفد
نبي محمد ددالم کاب الاختتام
مرک 17 دان کتاب حقيقة الوحي يڠ موبن
وللاء لما کن ش bäا بذکر اوبسي
ارنيڽ «مکبراڽ تياد اي » معمد
مڠݢوهن تياداله اکو سوات يڠ دسبوة
انو دنماکن 0
ساي جواب اورڠ٢ مناقق لاتي لبه
باڽق درفد توان مرزاموجي رسول قه دان
صعايشن٢ يڠ فه چرثاکن کمد کيڽ
ددالم القراڽ مک فربنديڠن فرچکافن

خواجة مرزا «ولولاء لما تنت شبقا يذکر
او بسن اين سام دڠن فرچکالن

اورڠ٢ منالڤق يڠ القرأن چريتاکو",puppetry
52,1940-09-25,WM,3,https://jawi.sgp1.digitaloceanspaces.com/page_scans/WM-1940-09-25-0003.jpg,"ساي اکن کتادن
ففور کولة مڠندوڠي بايوسيل
ايت عجائب Biocel Skinfood
اين مڽاکن
کولبة ايت
هندق مکانن
دفور ساي
بناکن آفد ساي
ببوا اوسل
Blocel يڠدݢوناکن ددالم فاور کولية
اين ساڠتنه برخصبة کران کونية کولبة
اک بروف مودا کجڠ دان چم
قداقتن فرونيسر ديانا اين سکارڠ
دچفورکن ددالم کريم نوکالون
ورن مبره جببو Creme Tokalon دڠن
سوکانن يڠ سفرن کوناک اين کران
مالم دان يڠ Creme Tokalon ورن فونيه
کران سڠ ددالم اuhie ٢ دهوسفنل يانا
اوله فروفير منجکل مک فرمفوان٢
يڠبررعير هڠ کدونة٢ کولبة مربکنن
بروف مودا سولا ددالم انم مڠکو
دجوال دکدي٢ اوبة
图中画了三个人，他们穿着西装打着领结，表情严肃，似乎在讨论什么重要的事情。
ولد
نيو
ettumadوق جالن سر دان سرغݢون
رود تامن هيوران بتتربردان ترنا
دملابا کران 10 سبن يارن ماسوق
توان بوله ملبه فرچوم وايڠ٢ کمبر
برجاکف روڠکمفن
نارن
ترباڠن عجائب واڠ شڠهاي دان
برباݢي٢ فرتجوڤڽن هيبوران دان
فرمانن کرينا انتو
سن نوکن کريند ثباتر دانباکن
داڠله ملاوة کاري يڠ زبر رهوا",film
53,1940-09-27,WM,1,https://jawi.sgp1.digitaloceanspaces.com/page_scans/WM-1940-09-27-0001.jpg,"开
فوتس مک سياف يڠ مڽلامي
دان منليڠکامي اجماع اين تف سکالي
اي کافر
اي برکات فد موک 252 254
بهوايڠد کهندقکن دڠن وحي ايت اياله
خطاب کتوهانن فرمان توهن
دان اي تله فريکن حال يڠددعواڽ
ايت دڠن کتاڽ يأيت اي برچاکف٢
دڠن الله سفرت سئورڠ تولن
برچاکف٢ دڠن تولنڽ فد موک
256 دان اي برکات يأيت
سڠݢوهن اي تله منجافي مندافة
وحي دان برکات٢ دڠن الله فدموک

260 دان اي تله فربواتکن ساتو فصل
<
فدموک 262 دڠن عنوان فنتو وحي
杆
ايت تربوک

فد موک 24  44 اي برکات

يأيت اله ددالم باطن مخلوق٢ يأيت

اي سفرت اير يڠ ترفنجر٢ ددالم باطن
二
بالڠ٢ بوتل٢ مک اي دباطن تيف٢

سوات ايت يرتمفة ددالڽ دان
",metaphor
54,1940-09-27,WM,2,https://jawi.sgp1.digitaloceanspaces.com/page_scans/WM-1940-09-27-0002.jpg,"برکنأن دڠن سوأل فرمفوان
مودرن بربتولن فول مريد
فرمفوان يڠ مڠمبيل بهاݢين فرمفوان
مودرن ايت مماکي فکاين سچارا
مودرن بتول سماس دسوأل اوله
سئورڠ راکن فرمفوانڽ مڠتاکن
هندق کمان مک فرمفوان مودرن
ايتڤون ممبري جواب کتان ساي
هندق فرݢي مننتون وايڠ ݢبر
افکه ݢمبرڽ يڠاکن دفرتنجوقکن
جواب فرمفوان مودرن کمبريڠاکن
دفرتنجوقکن اياله سوات ݢمبر
دففين اوله عبدالوهاب سئورڠ اقمودا
فيلم يڠرکنل لاݢي تريلڠ دسين
برلاکوله فول فربحاثن برکأن
دڠن مودرن  کمدين سئورڠ مريد
فرمفوان لاݢي تله منصيحتکن راکنڽ",film
55,1956-01-01,UM,5,https://jawi.sgp1.digitaloceanspaces.com/page_scans/UM-1956-01-01-5.jpg,"

يڠ تتف ترفليهارا يڠ ماسيه


فڠاروه٢ بارة مݢل ايت






مق يوڠ فتري دان وايڠ


بارة کرتوف دان نوبة






تيڠݢي سمفي ديواس اين اياله


بݢيمان فون منورا اين تله






فرماينن اين برکورڠ دکالڠن


فرلاݢأن لمبو بݢيتو فون اي



",puppetry
56,1956-01-07,UM,4,https://jawi.sgp1.digitaloceanspaces.com/page_scans/UM-1956-01-07-4.jpg,"


تامن هيبوران ݢرية ايسترن
_







سيڠافورا توان ايه سي ݢود


د






m
دسيتو اياله کيرا٢ 200 ݢراي

فرنيݢأن 20 بواه درفداڽ اکن






5


وايڠ ݢمبر کودا٢ فوسيڠ دان






」


مندڠکن همفيرڽ هاري






a


مريک تله مراملکن عاقبة٢
بوروق اکن تيمبول دڠن اداڽ
سبواه تامن هيبوران يڠ تيدق






·


ترڠݢانو مڠوچفکن تريمکاسيه






了

p
تاڠن داتوء ايت تيدق اکن







مڠمبيل برة اتس فرکارا اين
دڠن سبب فرتولڠن بليوله مک
",theatre/opera
57,1956-01-12,UM,6,https://jawi.sgp1.digitaloceanspaces.com/page_scans/UM-1956-01-12-6.jpg,"
ک ايت بارو٢ اين فرتنجوقئن اين




ڠن


２３

س اچواڠن فرساتوان بکس٢ اڠݢوت




٢ وايڠ ݢمبر برواس


سفاي ممبري ساݢو هاتي کفد

له دان ممنتا کراجأن متياسة سمولا




ي


ن أ عبدالحميد صالح فنولڠڽ

بکر احمد بن دهاري أ ايه کيه




سرمبن 11 جنواري 


دتوبهکن دالم ساتو فرجمفأن

ببراف اورڠ اهل مجلس




فڠروسي أ عبد الجليل بن حاج


احمد دان الياس بن راسول

دين فنولڠن أ طاهر بن رحمة




سکفيڠ واڠ سيام تله دليلوڠ


دجائيکن درما فرساتوان",film
58,1956-01-13,UM,7,https://jawi.sgp1.digitaloceanspaces.com/page_scans/UM-1956-01-13-7.jpg,"
فوتيه دڠن دهدافي اوله اهل٢




دڠن سکلين فارا جمفوتن


دڠن فرتنجوقئن وايڠݢمبر",theatre/opera
59,1956-01-16,UM,7,https://jawi.sgp1.digitaloceanspaces.com/page_scans/UM-1956-01-16-7.jpg,"ترسبوة مونکين اکن دديريکن
برهمفيران دڠن فڠݢوڠ وايڠ





تاهو مجلس مڠتوارة ميونيسيفل
کوالا لمفور تنتڠ رنچاڠن

مڠکاجيڽ دالم مشوارة






مڠسا٢ کبکارن کومبق لين
اکن برفلواڠ مندافة رومه٢ اين

اوله هأوسيڠ تراسة دڠن فينجامن





کلڠ 100 يونية رومه يڠ مماکن بلنجا
اکن دديريکن جوݢ اوله 350000
هأوسيڠ تراسة هرݢ فاليڠ تيڠݢي
باݢي تيف٢ ساتو رومه ١ اياله
3500 يڠ د باير 35 سبولن





لاݢي 50 بواه رومه بنتوق ملا يو
تيف٢ رومه اکن دجوال دڠن هرک
2500  دان بوله دباير سباڽق 25$",puppetry
60,1956-01-19,UM,4,https://jawi.sgp1.digitaloceanspaces.com/page_scans/UM-1956-01-19-4.jpg,"ݢمبر مک فجابة فنراڠن تله






فرتنجوقئن٢ وايڠ ݢمبر
دڠن کتراڠن اين دافتله




فندودق٢ کمفوڠ تيدق کبراتن
داتڠ کسکوله ايت ـ سيد عثمان


",film
61,1956-01-22,UM,6,https://jawi.sgp1.digitaloceanspaces.com/page_scans/UM-1956-01-22-6.jpg,"


چيتقئن کتيݢ تاهون 1948
هڠ تواه منيڠݢل دنيا دملاک







سلالو دتنجوقکن اوله وايڠ٢


فيلم هڠ تواه اين تله






چريتا٢ هيدوف هڠ تواه


هڠ جبة هڠ کستوري هڠ لکيو






فهڠ دان برتيکم دڠن هڠ جبة


انتوق داسر کوفاسن ايت دان


",film
62,1956-01-25,UM,4,https://jawi.sgp1.digitaloceanspaces.com/page_scans/UM-1956-01-25-4.jpg,"تيمفوهڽ برسارا دعن






تاهون لماڽ
کالو ساي تأ ساله

سور تخبر هارين اد مڠتاکن





يڠ لاين
دبيني ساي سوک من
فرهاتين م فيهق جواتنکة
خاص ايت اداکه منجا
فبياستنڽ اتس فرجلانن ف






برخدمة هڠݢ 30 تا
لبه٢ لاݢي باݢي ݢورو

برفوله٢ باتو ايت






اداله مڠوچفکن رن
تريمکاسيه اتس کونچ

سودi منايڠکن وايڠ ݢمبا
مالم 16 جنواري يڠ





کمفوڠ يڠ تيڠݢل جاوه
سيتو تيدق برفلواڠ منونتو

فيهق کتوا٢ کمفوڠ يڠ






دوا تيݢ کالي سبولن
بيرو کمفوڠ کوانتن

★
",film
63,1956-01-27,UM,8,https://jawi.sgp1.digitaloceanspaces.com/page_scans/UM-1956-01-27-8.jpg,"


نيلا چف کرأون دان سباݢيڽ
کمبر او توسن ملايو







ايبو باف تله حاضر دالم اوفچارا ايت


دان تله د بينادڠن فربلنجأن 00080000$.






اکن دادکن دالم تماش فاسومالم


فاسر مالم ايت اکن دادکن






کرونچوڠ فارتي وايڠ کولية


بينتڠ٢ فيلم دري سيڠافورا اکن
تورة مڠمبيل بهاݢين دالم تماش






يو توبين نروي لاݢي ساتو تمباهن دالم فرخدماتن


ب






فنرباڠن کفلتربڠ دانتارا کدوا٢


دسيڠافورا فد تيف٢ هاري احد دري






اين برمعني فنومفڠ٢ يڠ منيڠݢلکن
",film
64,1956-02-01,UM,4,https://jawi.sgp1.digitaloceanspaces.com/page_scans/UM-1956-02-01-4.jpg,"
بنتوان ايت کفد کامي




کامي اهل٢ فاسوقکن
کسلامتن ملايا يڠ براݢام اسلام
تله دتوده اوله فنوليس٢ بهوا
کامي منجادي فرکاکس فنجاجه



ميڠکاکن بهوا کأمي منجادي
فرکاکس فنجاجه دان








ممبري تصيحة دان فڠاجراناݢام
کامي فون تاهو بهوا ملايا
سدڠ مڠفرجواڠکن کمرديکأن







ککمفوڠا يرميره مرسيڠ جوهر
انتوق منايڠکن وايڠ ݢمبرڽ
کامي فندودق٢ کمفوڠ اين






",film
65,1956-02-04,UM,8,https://jawi.sgp1.digitaloceanspaces.com/page_scans/UM-1956-02-04-8.jpg,"فرتنجوقئن وايڠ کتوفرق
فڠݢمر٢ وايڠ کتوفرق





سأيم رود سيڠاڤورا دوا مالهم
برتورة٢ فد مالم اين دان مالم




فراتوران يڠ ممبنرکن باڠونن کراجأن
دديريکن دڠن تيدق فايه ترلبه دواو








کرج فيدرال بولن مرج يڠ لالو
برستوجو بهوا فيهق٢
يڠ برکواس







فيندأن تنتڠ باڠونن٢ باريق فوليس
يڠ هندق دديريکن د تريبرس رود",theatre/opera
66,1956-02-04,UM,7,https://jawi.sgp1.digitaloceanspaces.com/page_scans/UM-1956-02-04-7.jpg,"

9133 ميتر جم 6 فتڠ رمفاين نوسنتارا

اندونيسيا دان مسئله فلاجران 630
اورکيس ةهاواين 7 فرخبران٢ 7.10




8.40 سفتانادا 9 ريفوتيس 9.15
وايڠ کولية 10 فرخبران٢ 10 15 هڠݢ





Ω
فرخبران٢ 9 10 فنتي اندالس 930

رواڠن چريتا 940 امفة سرڠکي






دان 37 10 مالم باݢن دا توء 12 9 مالم
دان 1137 فاݢي ايسوق فولو فينڠ

5 45 فتڠ دان 5 15 فاݢي ايسوق فواو



",puppetry
67,1956-02-05,UM,2,https://jawi.sgp1.digitaloceanspaces.com/page_scans/UM-1956-02-05-2.jpg,"

ليم بواه فڠݢوڠ وايڠ ݢمبر


بولن دفن کران تيدق دافة





",film
68,1956-02-06,UM,4,https://jawi.sgp1.digitaloceanspaces.com/page_scans/UM-1956-02-06-4.jpg,"

عکر ملايو


دانتارا فهلاون ملايو يڠ





باتو فرايڠاتن انتوق مڠيڠة




اورڠ٢ ملايو يڠ مڠتهوي


احمد سيڠافورا

*




تيدق اد اف٢ يڠ بوله


دتايڠکن وايڠ ݢمبر اوله

کامي دسيني مڠندوڠي




وايڠ ݢمبر مک کامي جوݢ


هاتي فندودق٢ دسيني  انق

سيڠافورا",film
69,1956-02-10,UM,7,https://jawi.sgp1.digitaloceanspaces.com/page_scans/UM-1956-02-10-7.jpg,"


توان جيه عيم ميقدو نلد
فڠروسي اينکو فريتيد سوسأيتي






کراجأن بارو٢ اين تله




توان ميقدو نلد برکات


ايت

کوالا لمفور 9 فيبرواري  مشوارة




کوالا لمفور 9 فيبرواري  فجابة
فراڠن امربکا شريکة دسيني اکن
مڠادکن تا يڠن وايڠ ݢمبردليک ݢاردن",film
70,1956-02-10,UM,4,https://jawi.sgp1.digitaloceanspaces.com/page_scans/UM-1956-02-10-4.jpg,"مراس کسل






دکلس٢ منڠه يڠ داݢوڠکن٢
yi


داسر فلاجران ايت مک




ن


چاراڽ بيارله انق٢ کيت

رعية ساج




تتافي کيت براس کسل کالو


玄

人




a_3


تاء ماءو وايڠ

بهاس أڠݢر يڠن




氲


تريمکاسيه کفد فهق يڠ

وايڠ ݢمبر سلما تيݢ تاهون




لاݢي فول يڠ سوده باسي


90 اهل٢ فوليس دسيني تيدق
ق
تاهو بهاس اڠݢريس لبه٢ لاݢي




ڽ


انتوق ممواسکن هاتي فنونتون٢

فيلم ايت  ايس سي ملاک




تيلق سياارکن


چريتا ساي
دالم بولن اقتوببر تاهون






الله کفد فيهق راديو ملايا برتڽاکن
يت چريتا يڠ ساي کيريمکن ايت

تق ساي مراس سديه کران تأن کالو تأ ساله انتارا انم چريتا٢


",puppetry
71,1956-02-18,UM,4,https://jawi.sgp1.digitaloceanspaces.com/page_scans/UM-1956-02-18-4.jpg,"

دري راد يوملا ياکو الا لمفور


سبرڠفراي







بريتا يڠ مڠتاکن بهوا اهل٢
مجلس مشوارة اݢام اسلام
کلنتن يڠ بوکن رسمي اکن







فرکارا ايت چداڠن هندق
مپومبڠکن ايلاءونس ترسبوة








هاري ايت تيدقله ممبواة اف٢
کفوتسن دالم فرکارا







مجلس اݢام اسلام کلنتن
★  ★
ماء وايڠ کمبر








فمودا دان فمودي کمفوڠ
بوکية ناݢ کلڠ

",puppetry
72,1956-02-21,UM,3,https://jawi.sgp1.digitaloceanspaces.com/page_scans/UM-1956-02-21-3.jpg,"لهفور دفعة






مس يڠ مرياه
فرايأن ايت اکن دمولاکن دڠر




قاري٢ يڠ هندق ماسوق فرادوان
هندقله مڠهنتر نام کفدستيأوسها مدرس
تيدق ليواة دري 12 مرج تمبڠ فرݢي







قجو بلي مس ترسبوة
فکرج٢ وايڠ ݢمبر قدح








تانه ملايو کبا پقکن فکرج٢ ايت
ترديري دري اورڠ٢ ملايو







فاݢي٢ اين دفجابة٢ امنو دان
درومه٢ اهل٢ امنو دسيني
سباݢي تندا فڠحرماتن کفد







اورڠرامي ملايو دان جوک
تقم٢ لاين دفرسيلاکن حاضر
فلاجر٢ اکام




",film
73,1956-02-22,UM,4,https://jawi.sgp1.digitaloceanspaces.com/page_scans/UM-1956-02-22-4.jpg,"دسرحتن دواس طرورة ايت






فندودق٢ کمفوڠ ترسبوة تيدق
ماهو فيسڠ بربواه دواکالي


فندودق٢ دسيني تنتڠ رنچاڠن




فندودق٢ دسيني اداله


کامي ايت دان برشکور کحضرة

برانڠ نݢري سمبيلن




منايڠکن وايڠ ݢمبرڽ دکمفوڠ


فون دتايڠکن وايڠ ݢمبر اوله
فجابة فنراڠن ايت
سڠݢهفون کمفوڠ کامي




بارو ننتڠ سلاڠور",film
74,1956-02-24,UM,6,https://jawi.sgp1.digitaloceanspaces.com/page_scans/UM-1956-02-24-6.jpg,"


اي سهاروسڽ بوکن مڠادکن
ساتو بهاݢين ملايو دتي تين





فرتنجوقءن وايڠ ݢمبر يڠ
و بولن ايت تيدق بولن دادکن اوله فجابة فرياستن کته ملايا يڠ تله دلنسوڠکن دفادڠ سکوله ملايو سيمفڠ جرم بکري",film
75,1956-02-28,UM,5,https://jawi.sgp1.digitaloceanspaces.com/page_scans/UM-1956-02-28-5.jpg,"دانتارا جم 8 فاݢي دان ساتو






مقيم دتمفة ماسيڠ٢
فيلم رومبوڠن مرديکا




دفڠݢوڠ٢ وايڠ يڠ بسر مولاءي
فتڠ سبت کلمارين








ترسبوة دفڠݢوڠ کاڤيتول برسام٢
دڠن فيلم هيلين اوف تروي تله







",film
76,1956-03-05,UM,7,https://jawi.sgp1.digitaloceanspaces.com/page_scans/UM-1956-03-05-7.jpg,"


تان تي سوڠ فݢاوي فراڠن نݢري
فهمڠ مڽتاکن بهوا تايڠن وايڠ ݢمبر
ڠ فجابة فنراڠن دکمفوڠ٢ سفنجڠ




بليو منرڠکن اين کلمارين






ساج دالم دوا تيݢ بولن
فندودق٢ ايت جوݢ برسوڠة

تيدق موک مليهة ݢمبر٢ کارتون
دان منتوة سفاي سموا ݢمبر٢





تيمفوه کونتريق يڠ دايکة
دڠن شريکة عيم جي عيم

کوالا ترڠݢانو 4 مريچ  أ






انتوق ملنچرکن درما کيلة 5
سئورڠ انتوق مڠهنتر سئورڠ







",film
77,1956-03-10,UM,6,https://jawi.sgp1.digitaloceanspaces.com/page_scans/UM-1956-03-10-6.jpg,"
رسام ملاوة




برسام سلما 16 هاري انتوق


رايوان٢ مريک مولاءي بيسوق


تيريتي رزبرن کمبرن فرتنجوقئن وايڠ ݢمبر اکن دادکن دتيف٢ تمفة يڠ


اهل٢ مجلس ايت مڽتاکن 64وا




",film
78,1956-03-10,UM,1,https://jawi.sgp1.digitaloceanspaces.com/page_scans/UM-1956-03-10-1.jpg,"


راج مودا قدح دان تڠکو بچياه فتر
يڠ دفرتوان بسر نݢري سمبيلن اک






ساتو فارارقئن دسوڠي اتورستا




فراهو ساناسي لا يڠ مس دا


منورة چارا٢ برکايوه دزمان٢ راج

دايوڠ انق دوا دان دayoڠ لڠ ملايا




دلنسوڠکن
بيلا تيبا دجتي فڠنتين بار
ايت اکن براڠکة کبالي بسر مڠحاضر
جاموان ماکن مالم انتوق 210 اور

دڠن فرماينن روڠݢيڠ هڠݢ جاوه مال




سفرت فرماينن حضره وايڠ چينا واي
کولية تارين انديا وايڠ ݢمبر بوڠ
افي دان لاين٢ اکن دادکن سلما
مالم برتورة٢ دفادڠ کورة الور ستا

جندر ا مات رعية




دراج  تڠکو بحياه دان راج مود


اکن دسمفيکن اوله أ عبد الجليل بن

سلاين ايت ساتو رومبوڠن روڠݢي




مڠهديمکن دوا بواه تيلم الس کروسي


الجيرس 9 مرج  فڠݢانس
الجيريا تله ممبولته 7 اورڠ
ايروفه مالم سمالم افبيل مريک




دان فوليس فرنچيس سدڠ مپورو
",film
79,1956-03-12,UM,7,https://jawi.sgp1.digitaloceanspaces.com/page_scans/UM-1956-03-12-7.jpg,"


اونداڠن فيدرال لاڠة اکن
مپوأل توان چيف سيکريتاري دالم






مريک يڠ بوکن رعية فرسکتوان




ملايو کلنتن اکن دادکن دسيني
فد 30 افريل دفن فرسيداڠن اين
دجڠک اکن دبوک اوله داتوء
اريا دراج فمڠکو منتري بسر

ميشکو قوم ايبو




دفن انتوق مڠو تيف درما


$4000

سيام مق يوڠ روڠݢيڠ وايڠ کوليه

",film
80,1956-03-17,UM,7,https://jawi.sgp1.digitaloceanspaces.com/page_scans/UM-1956-03-17-7.jpg,"
94963 4963 133133 ميتر




245 هڠݢ 3 فرخبران٢ دان ريعة


سرڠکي 63 49 76.2 133.9 ميتر

چارا سيارن 615 اندونيسيا دان




فوليس نݢارا 8 فرخبران٢ 8.05


وايڠ ݢوليق 10 فرخبران٢ 15 10 هڠݢ

ايسوق 4963_9133 ميتر جم 7


",puppetry
81,1956-03-21,UM,6,https://jawi.sgp1.digitaloceanspaces.com/page_scans/UM-1956-03-21-6.jpg,"بوسباݢي کواجيفن تيف٢ رعية






2
دکتاکن برجودي ايت



فرکارا برجودي ايت تله فنجادي٢


دري سمنجق مولا فرماينن






اين:


يڠ






فوڽ فساوة ايت اي اکن د باير20 1.20$


بخ






ي

لو
يڠ تله مڠها بيسکن واڠ دان ممبن يرکن






الور ݢاجه 20 مرج 


تله برستوجو مڠادکن تماش






فرماينن اکن دادکن دالم تماش


قة فرتنجوقئن وايڠ ݢمبر






توان ݢورو اݢام مدرسه ترسبوة


دمدرسه ترسبوة تله مندافة
",film
82,1956-03-24,UM,4,https://jawi.sgp1.digitaloceanspaces.com/page_scans/UM-1956-03-24-4.jpg,"

دفولو براني


مڠوچفکن ستيڠݢي٢ تهنشه دان




بهاݢين سيڠافورا کران تله






براس کسوليتن برکنأن دڠن
اير تتافي دڠن اوسها بليو

اير دفولو براني مک فد هاري






کامي فندودق کمفوڠ
کمفادڠ مڠوچفکن ريبوان

کوانتن يڠ تله منايڠکن وايڠ






سفرت اين جاڠنله برلاکو
لاݢي  شيفرس 33 کمفادڠ

★  ★






فرکارا اين فاتوة دامبيل
فرهاتين برة اوله فيهق يڠ

.

",theatre/opera
83,1956-03-30,UM,2,https://jawi.sgp1.digitaloceanspaces.com/page_scans/UM-1956-03-30-2.jpg,"أ طيب ايواهيم وکيل






کاوالن کراجأن
جوافن فيهق کراجأن



بتول سامسکالن کتاڽ لايانن يڠ


هيبوران وايڠ ݢمبر فون سنتياس

",film
84,1956-04-14,UM,8,https://jawi.sgp1.digitaloceanspaces.com/page_scans/UM-1956-04-14-8.jpg,"
مونکين اکن دواکيلي دالم




کتوا منتري ديبيد مارشن يڠ


ت رومبوڠن مرديکا اکن منيمبڠکن
فرمنتأن قوم سراني بهوا قوم٢






وکيل٢ مريک سنديري انتوق
دودق دالم ديوان فزهيمفونن

توان مارشل ممبريتاهو






قوم٢ کچيل
رومبوڠن مرديکا اين اکن

هاري رابو دفن دلندن برسام٢






لبه 60 اورڠ فتري٢ جوݢية
انق٢ وايڠ بڠساون فلاکون٢

5






فڠنجور فرجمفأن ترسبوة
أ حسن چيک ممالم مپرو سموا

ترمبوة سفاي حاضر فد هاري






حاج عبد اللطيف فڠاره جباتن
فنراڠن فرسکتوان دان توان فر

فڠالمن دالم حال احوال کسنيان فک

",theatre/opera
85,1956-04-15,UM,2,https://jawi.sgp1.digitaloceanspaces.com/page_scans/UM-1956-04-15-2.jpg,"کلڠ 15 افريل  توان لي ءيڠ تيه





بلنيو تله مپروسفاي منمجر٢ تيف٢
فڠݢوڠ وايڠ دکلڠ بکرجسام دان ممبنتو
کراجأن مڠا تسي حال ترسبوة
رسکيراڽ فرکارا اين تيدق


",theatre/opera
86,1956-04-19,UM,5,https://jawi.sgp1.digitaloceanspaces.com/page_scans/UM-1956-04-19-5.jpg,"

ايت اکن دبچ بواة کالي يڠ


فن






ملايا دسيڠافورا مڠالوکن٢ رنچاڠن


جوݢية انق٢ وايڠ بڠساون فلاکون٢






ملايو يڠ مڠنجورکن فرساتوان ايت


دستوجوي دالم فرجمفأن يڠ تله



",theatre/opera
87,1956-04-29,UM,6,https://jawi.sgp1.digitaloceanspaces.com/page_scans/UM-1956-04-29-6.jpg,"

هاڽ انتوق اورڠ٢ ملايو تتافي
انتوق فندودق٢ تانه ملايو
ملورهڽ








تيدق کتيڠݢالن فول وايڠ
بڠساون سوات فنتر انتوق








فستا کودا يأن اين اداله
جوݢ مروفاکن سوات کرجسام",theatre/opera
88,1956-05-02,UM,5,https://jawi.sgp1.digitaloceanspaces.com/page_scans/UM-1956-05-02-5.jpg,"


رومه دي او فاسير فوتيه فوکوء
ترسبوة مڠلوارکن 50 بوتير بواه
تومبوه برديرية٢







سرت سورڠ انقڽ دالم دوکجيت
ماس ابن کران ساتو کبکارن








درومهڽ استريڽ دان نقڽ فرݢي ککلينيق سمنتارا کاريم
بکرج دفڠݢوڠ وايڠ نيو الحمبرا



",film
89,1956-05-15,UM,3,https://jawi.sgp1.digitaloceanspaces.com/page_scans/UM-1956-05-15-3.jpg,"کتوا ججاهن ايت أ محمد





بباݢي ساتو امارن دي
برکات ساي تيدق سوک فرکارا
سماچم ايت دبريتأو کفد اورڠ٢
سورتخبر کران ايت برمعنى


فڠݢاوا٢ا ايت جوݢ تله


کوالا لمفور14 مي  فڠݢوڠ٢






وايڠ دسيني مننجوقکن فيلم٢
ملايو سکارڠ تتافي سڠݢهفون


نيدق جوݢ کتيڠݢالن منجادي

",film
90,1956-05-18,UM,4,https://jawi.sgp1.digitaloceanspaces.com/page_scans/UM-1956-05-18-4.jpg,"
فڠݢکوڠ وايڠ




اين تله منجادي سوڠتن


تروس

برکواس مڠمبيل تيندقئن




هندق بلاجر دسبکن مڠنتوق


دمان ابڠ ساي

ساي يعقوب بن باچيق




کوالا فيله نݢري سمبيلن


باچيق يڠ تله برفيسه دڠن

کابرڽ اڠ ساي ايت سکارڠ




جالن سورة کفد علامة ساي


اوچفکن ريبوان تريمکاسيه 

洪




سبواه ککريتا دفکن کمفوڠ


مڠݢوناکن ايرڽ انتوق مينوم دان

دبواڠکن دسبله هيليرڽ کران




دالم حال اين دان جاڠنله
هندقڽ برلاکو تروسمنروس
دماس دفن  کسوما هاتي
",film
91,1956-05-28,UM,4,https://jawi.sgp1.digitaloceanspaces.com/page_scans/UM-1956-05-28-4.jpg,"
فوستأک ايت کلق تيدق سڠݢوف




سفاي حال يڠ دمکين جاڠن
ترجادي مک باکل فڠاره بالي

چارا٢ مڽلسيکن سوأل اين
سبلوم سوال٢ يڠ لاين






کورڠ لا يانن دان سباݢيڽ سفاي
دچاري دان دݢوناکن

برکسن انتوق مڠنل باکة٢






تأد کتوا؟
تله باڽق کالي فنوليس٢

کمفوڠ وأ تنجوڠ سيڠافورا






دري اورڠ٢ ملايو
سبب تيدق اد سئورڠ کتوا

حال يڠ برسڠکوتن دڠن






30 تاهون دولودکمفوڠ اين اد
ممفوڽأي شورڠ کتوايڠ دحرماتي

دافتله بليو مڠوروسکن سݢل






رامي انتوق ممفرکوکوهکن
فرفادوان دانتارا فندودق٢

دافة فول ملنتيق سورڠ کتوا




",metaphor
92,1956-06-01,UM,4,https://jawi.sgp1.digitaloceanspaces.com/page_scans/UM-1956-06-01-4.jpg,"منوده لبي٢ فون ساتو دري






دري فڠاجران لبي٢ دکمفوڠ
ايت انتوق دجاديکن باهن٢

کموندورأن بڠسا ملايو






يڠ سوکاکن کفد کماجوان دان
کبڠکيتن بڠساڽ

کموندوران بڠسا ملايو لبه بسر






مأو وايڠ کهبر
سوده لام بنر راساڽ فجابة

وايڠ ݢمبر دکمفوڠ کامي سوڠي






کامي سفاي فجابة فنراڠن ايت
دافة منايڠکنڽ دسيني  ايس

*






کران کماتين سوامي ساي دقتور
حمزه بارو٢ اين يأيت دري

سرت بهاݢين٢ دان چواڠن






★
ترنيهکاسيه

دري فاسوقکن نمبر 4 فولايس
",puppetry
93,1956-06-13,UM,8,https://jawi.sgp1.digitaloceanspaces.com/page_scans/UM-1956-06-13-8.jpg,"
حال احوال فنانمن فادي دفݢري٢




a


1



.
سة وايڠ ݢمبر دليک ݢاردن
کوالا لمفور 12 حون 








يڠ مڠندوڠي فندودق سرامي 80
جال جوتاجيوا تتافي فندودق٢ ايت








ا.bd اين اوجرڽ
کݢليساهن يڠ برلاکو داسيا








يتم مڽتوجوءي فمبناسأن تتافي رعية
ين اجلات چوما تأو بهوا مريک








ئن
کن برکات انتوق ممهامي اسيا








سباݢي فنوتف توان حاج
موکرنو برکات بهوا ولو فون








سلما دسيني سوکر نو تله فون
ي",film
94,1956-06-29,UM,6,https://jawi.sgp1.digitaloceanspaces.com/page_scans/UM-1956-06-29-6.jpg,"

به فرسکتوان مواکيلي فمودا٢


نکوءين





الله جوايڠ ککل




ن سئورڠ بيدان ملايو يڠ ترکنل


موقت منونيکن فرض حج دمکة

75 تاهون سئورڠ توا يڠ دسايڠي




سماس اد حيانن الله يersmée تله مميدانکن لبه درفد 2000


چيء بببي عأيشه دان أ

کأونسلو دان دي او باليڠ أ


",puppetry
95,1956-07-01,UM,6,https://jawi.sgp1.digitaloceanspaces.com/page_scans/UM-1956-07-01-6.jpg,"


دالم تاهون يڠ لالو ايراما
جوݢية ملايو اين تله مندافة
سمبوتن يڠ مرياه بيلا دي







تاري پاڽي دان لاکون يڠ
اصلي ترماسوقله بوريا وايڠ





",puppetry
96,1956-07-11,UM,6,https://jawi.sgp1.digitaloceanspaces.com/page_scans/UM-1956-07-11-6.jpg,"لو تارين يت تارق 2






اکن مڠادکن مالم ݢمبيرا
پرسوکريا کران مپمبوة هاري
راي حج انتوق موڠة درما فڠاکف



فرادوان اکن دادکن فد تيف٢
مالم ترسبوة سفرت وايڠ چينا








",film
97,1956-07-13,UM,4,https://jawi.sgp1.digitaloceanspaces.com/page_scans/UM-1956-07-13-4.jpg,"

فرتنجوقئن بارڠ٢ فرتوکاڠن

ملاڠور تله دادکن فد 7 دان 8
5






کدوا٢ مالم ترسبوة تله


اوله مريک اياله وايڠ چينا دان






سبݢيمان بڠسا٢ اسيڠ بڠسا
م ملايو جوݢ اد ممفوڽأي

اوله ايت هيدوفکنله کسنيان






乙
باف سوکالا

了






سميڠݢو


了






دان داتوء ساي


سيفوة دکمفوڠ لامه فيرق اي






ݢورو بسر سکوله ملايو الور

نأ بر فأيل ة
تأ",theatre/opera
98,1956-07-24,UM,7,https://jawi.sgp1.digitaloceanspaces.com/page_scans/UM-1956-07-24-7.jpg,"تاد بنتوان کفد فتاني٢ اين






جوافن کراجأن يڠ
دبنتڠکن ددالم مجلس مشوارة




فارية
رنچاڠن ترسبوة اکن








کوالا ليفيس 23 جولي 
تماش ""فن فير"" امنو چواڠن








فد سبله مالمڽ فرتنجوقئن
وايڠ ݢمبر فرايکاتن دري کوالا

",film
99,1956-07-24,UM,8,https://jawi.sgp1.digitaloceanspaces.com/page_scans/UM-1956-07-24-8.jpg,"

اصلي دري برباݢي٢ بڠسا وايڠ


فد سبله سياڠ فرتنجوقئن٢






دان ترمبن 13 اوݢس ة فرتنجوقئن٢ کصيحاتن دان فراوسهأن٢ کمفوڠ",film
